index	column	category
1	Protein_ID	identity
2	Protein_position	identity
3	chr	genomic
4	Start_Position	genomic
5	End_Position	genomic
6	ref	variant
7	alt	variant
8	aaref	variant
9	aaalt	variant
10	rs_dbSNP	variant
11	aapos	variant
12	SIFT_score	predictor_score
13	SIFT_converted_rankscore	predictor_rankscore
14	SIFT4G_score	predictor_score
15	SIFT4G_converted_rankscore	predictor_rankscore
16	Polyphen2_HDIV_score	predictor_score
17	Polyphen2_HDIV_rankscore	predictor_rankscore
18	Polyphen2_HVAR_score	predictor_score
19	Polyphen2_HVAR_rankscore	predictor_rankscore
20	MutationTaster_score	predictor_score
21	MutationTaster_rankscore	predictor_rankscore
22	MutationAssessor_score	predictor_score
23	MutationAssessor_rankscore	predictor_rankscore
24	PROVEAN_score	predictor_score
25	PROVEAN_converted_rankscore	predictor_rankscore
26	VEST4_score	predictor_score
27	VEST4_rankscore	predictor_rankscore
28	MetaSVM_score	predictor_score
29	MetaSVM_rankscore	predictor_rankscore
30	MetaLR_score	predictor_score
31	MetaLR_rankscore	predictor_rankscore
32	MetaRNN_score	predictor_score
33	MetaRNN_rankscore	predictor_rankscore
34	M-CAP_score	predictor_score
35	M-CAP_rankscore	predictor_rankscore
36	REVEL_score	predictor_score
37	REVEL_rankscore	predictor_rankscore
38	MutPred2_score	predictor_score
39	MutPred2_rankscore	predictor_rankscore
40	MVP_score	predictor_score
41	MVP_rankscore	predictor_rankscore
42	gMVP_score	predictor_score
43	gMVP_rankscore	predictor_rankscore
44	MisFit_D_score	predictor_score
45	MisFit_D_rankscore	predictor_rankscore
46	MisFit_S_score	predictor_score
47	MisFit_S_rankscore	predictor_rankscore
48	MPC_score	predictor_score
49	MPC_rankscore	predictor_rankscore
50	PrimateAI_score	predictor_score
51	PrimateAI_rankscore	predictor_rankscore
52	DEOGEN2_score	predictor_score
53	DEOGEN2_rankscore	predictor_rankscore
54	BayesDel_addAF_score	predictor_score
55	BayesDel_addAF_rankscore	predictor_rankscore
56	BayesDel_noAF_score	predictor_score
57	BayesDel_noAF_rankscore	predictor_rankscore
58	ClinPred_score	predictor_score
59	ClinPred_rankscore	predictor_rankscore
60	LIST-S2_score	predictor_score
61	LIST-S2_rankscore	predictor_rankscore
62	VARITY_R_score	predictor_score
63	VARITY_R_rankscore	predictor_rankscore
64	VARITY_ER_score	predictor_score
65	VARITY_ER_rankscore	predictor_rankscore
66	VARITY_R_LOO_score	predictor_score
67	VARITY_R_LOO_rankscore	predictor_rankscore
68	VARITY_ER_LOO_score	predictor_score
69	VARITY_ER_LOO_rankscore	predictor_rankscore
70	ESM1b_score	predictor_score
71	ESM1b_converted_rankscore	predictor_rankscore
72	AlphaMissense_score	predictor_score
73	AlphaMissense_rankscore	predictor_rankscore
74	PHACTboost_score	predictor_score
75	PHACTboost_rankscore	predictor_rankscore
76	MutFormer_score	predictor_score
77	MutFormer_rankscore	predictor_rankscore
78	MutScore_score	predictor_score
79	MutScore_rankscore	predictor_rankscore
80	popEVE_score	predictor_score
81	popEVE_converted_rankscore	predictor_rankscore
82	CADD_raw	predictor_score
83	CADD_raw_rankscore	predictor_rankscore
84	CADD_phred	predictor_score
85	DANN_score	predictor_score
86	DANN_rankscore	predictor_rankscore
87	fathmm-XF_coding_score	predictor_score
88	fathmm-XF_coding_rankscore	predictor_rankscore
89	Eigen-raw_coding_rankscore	predictor_rankscore
90	Eigen-PC-raw_coding_rankscore	predictor_rankscore
91	GERP++_NR	conservation
92	GERP++_RS	conservation
93	GERP++_RS_rankscore	conservation
94	GERP_92_mammals	conservation
95	GERP_92_mammals_rankscore	conservation
96	phyloP100way_vertebrate	conservation
97	phyloP100way_vertebrate_rankscore	conservation
98	phyloP470way_mammalian	conservation
99	phyloP470way_mammalian_rankscore	conservation
100	phyloP17way_primate	conservation
101	phyloP17way_primate_rankscore	conservation
102	phastCons100way_vertebrate	conservation
103	phastCons100way_vertebrate_rankscore	conservation
104	phastCons470way_mammalian	conservation
105	phastCons470way_mammalian_rankscore	conservation
106	phastCons17way_primate	conservation
107	phastCons17way_primate_rankscore	conservation
108	bStatistic_converted_rankscore	predictor_rankscore
109	gnomAD4.1_joint_AF	population_af
110	gnomAD4.1_joint_POPMAX_AF	population_af
