Protein_ID	Cancer Driver
DICER1-203	Census, Compendium
HNRNPA2B1-232	Census, Compendium
AFF3-205	Census, Compendium
TSC1-201	Census, Compendium
NTRK3-205	Census, Compendium
PDE4DIP-259	Census, Compendium
HNRNPA2B1-203	Census, Compendium
ESR1-204	Census, Compendium
BRCA1-211	Census, Compendium
RAD21-207	Census, Compendium
MAX-202	Census, Compendium
TAF15-214	Census, Compendium
TEC-202	Census, Compendium
BRD4-210	Census, Compendium
PDGFRA-204	Census, Compendium
BCL11A-213	Census, Compendium
PMS2-216	Census, Compendium
NF1-231	Census, Compendium
ARID2-201	Census, Compendium
TNFAIP3-201	Census, Compendium
BCOR-209	Census, Compendium
TP53-219	Census, Compendium
CTNNB1-254	Census, Compendium
NONO-207	Census, Compendium
DROSHA-201	Census, Compendium
TCF7L2-216	Census, Compendium
LATS1-207	Census, Compendium
IRF4-206	Census, Compendium
CHEK2-202	Census, Compendium
BTK-210	Census, Compendium
NOTCH1-204	Census, Compendium
PIK3CA-203	Census, Compendium
ZBTB16-217	Census, Compendium
ID3-201	Census, Compendium
DDX3X-236	Census, Compendium
BCL9-204	Census, Compendium
KDM5C-218	Census, Compendium
CTNNB1-233	Census, Compendium
CAMTA1-210	Census, Compendium
HLA-A-219	Census, Compendium
TSC2-227	Census, Compendium
NFATC2-203	Census, Compendium
NRG1-201	Census, Compendium
ARAF-202	Census, Compendium
SETD2-209	Census, Compendium
IKZF1-201	Census, Compendium
ARID2-202	Census, Compendium
ETV5-206	Census, Compendium
KDM5A-201	Census, Compendium
KMT2C-215	Census, Compendium
KIT-208	Census, Compendium
SETD2-202	Census, Compendium
KAT6B-235	Census, Compendium
IL6ST-224	Census, Compendium
PBRM1-221	Census, Compendium
TP63-210	Census, Compendium
KAT6B-217	Census, Compendium
PMS2-237	Census, Compendium
RGS7-204	Census, Compendium
CTNNB1-204	Census, Compendium
BRCA2-201	Census, Compendium
BCOR-212	Census, Compendium
CHEK2-224	Census, Compendium
MDM2-224	Census, Compendium
SF3B1-204	Census, Compendium
BCL2-201	Census, Compendium
FANCD2-213	Census, Compendium
TFG-212	Census, Compendium
GNAS-261	Census, Compendium
GRIN2A-201	Census, Compendium
PRKCB-210	Census, Compendium
WAS-201	Census, Compendium
RAF1-244	Census, Compendium
RGS7-226	Census, Compendium
MALT1-201	Census, Compendium
ACVR1-204	Census, Compendium
TAF15-203	Census, Compendium
KEAP1-207	Census, Compendium
RAF1-221	Census, Compendium
CTNNB1-206	Census, Compendium
IRF4-201	Census, Compendium
RAF1-270	Census, Compendium
MED12-202	Census, Compendium
ZNF521-203	Census, Compendium
CNOT3-208	Census, Compendium
TET2-208	Census, Compendium
MYH9-221	Census, Compendium
FGFR3-204	Census, Compendium
KDM5C-222	Census, Compendium
RGS7-237	Census, Compendium
RGPD3-202	Census, Compendium
EPHA7-206	Census, Compendium
USP9X-211	Census, Compendium
MEN1-209	Census, Compendium
MSI2-201	Census, Compendium
NUMA1-233	Census, Compendium
CYSLTR2-202	Census, Compendium
POLD1-216	Census, Compendium
PBRM1-210	Census, Compendium
MLLT3-209	Census, Compendium
NUMA1-224	Census, Compendium
TFG-208	Census, Compendium
ERBB3-219	Census, Compendium
WNK2-204	Census, Compendium
ESR1-203	Census, Compendium
LZTR1-223	Census, Compendium
BCL2-202	Census, Compendium
ATM-240	Census, Compendium
KAT6A-202	Census, Compendium
RAP1GDS1-202	Census, Compendium
STAT5B-219	Census, Compendium
JAK3-201	Census, Compendium
USP44-201	Census, Compendium
JAK3-204	Census, Compendium
KEAP1-209	Census, Compendium
PTPN11-208	Census, Compendium
RNF213-220	Census, Compendium
STAG2-207	Census, Compendium
STAT6-222	Census, Compendium
ETV5-202	Census, Compendium
GNA11-201	Census, Compendium
MYH9-215	Census, Compendium
XPO1-224	Census, Compendium
PTPRD-203	Census, Compendium
ATM-203	Census, Compendium
XPO1-206	Census, Compendium
NPM1-219	Census, Compendium
FLT4-206	Census, Compendium
MDM2-225	Census, Compendium
WNK2-205	Census, Compendium
PABPC1-222	Census, Compendium
PRKAR1A-218	Census, Compendium
XPO1-248	Census, Compendium
KAT6A-201	Census, Compendium
KDM6A-228	Census, Compendium
SIX1-205	Census, Compendium
ZRSR2-205	Census, Compendium
HLA-A-222	Census, Compendium
RUNX1T1-202	Census, Compendium
JAK3-202	Census, Compendium
MSI2-224	Census, Compendium
RUNX1T1-226	Census, Compendium
DDX3X-242	Census, Compendium
USP44-202	Census, Compendium
STAT3-231	Census, Compendium
EXT2-214	Census, Compendium
AFF1-202	Census, Compendium
SPOP-213	Census, Compendium
CDH11-202	Census, Compendium
CD79B-202	Census, Compendium
DDB2-211	Census, Compendium
CXCR4-205	Census, Compendium
PTPN13-209	Census, Compendium
ACSL3-234	Census, Compendium
TRRAP-202	Census, Compendium
AMER1-201	Census, Compendium
HRAS-206	Census, Compendium
RAF1-220	Census, Compendium
B2M-209	Census, Compendium
KDM5C-204	Census, Compendium
IDH1-206	Census, Compendium
MED12-203	Census, Compendium
MALT1-210	Census, Compendium
DDX3X-244	Census, Compendium
ERBB2-201	Census, Compendium
FOXL2-201	Census, Compendium
SOX21-201	Census, Compendium
NSD2-227	Census, Compendium
IDH1-202	Census, Compendium
MLLT1-201	Census, Compendium
DCC-202	Census, Compendium
BCL11A-211	Census, Compendium
KMT2A-201	Census, Compendium
FBXO11-201	Census, Compendium
CHEK2-209	Census, Compendium
DAXX-204	Census, Compendium
SPOP-210	Census, Compendium
NTRK1-212	Census, Compendium
CASP8-211	Census, Compendium
EPS15-216	Census, Compendium
LPP-206	Census, Compendium
MYC-202	Census, Compendium
RNF213-204	Census, Compendium
CHEK2-212	Census, Compendium
POLD1-201	Census, Compendium
RAF1-201	Census, Compendium
HNRNPA2B1-243	Census, Compendium
TSC2-222	Census, Compendium
FANCA-237	Census, Compendium
CDKN2A-208	Census, Compendium
NIN-214	Census, Compendium
BRCA1-209	Census, Compendium
EIF3E-239	Census, Compendium
AXIN2-203	Census, Compendium
STAT6-202	Census, Compendium
FGFR1-208	Census, Compendium
NBEA-244	Census, Compendium
BMPR1A-205	Census, Compendium
EML4-202	Census, Compendium
ENST00000427497	Census, Compendium
NCOR2-205	Census, Compendium
KMT2A-232	Census, Compendium
PDE4DIP-203	Census, Compendium
TP53-201	Census, Compendium
MED12-233	Census, Compendium
BCOR-206	Census, Compendium
SLC45A3-201	Census, Compendium
CYLD-201	Census, Compendium
TSC2-248	Census, Compendium
BRAF-220	Census, Compendium
NUP214-202	Census, Compendium
BRCA1-230	Census, Compendium
FAT3-201	Census, Compendium
FANCA-204	Census, Compendium
MED12-225	Census, Compendium
PMS2-258	Census, Compendium
STAG2-203	Census, Compendium
NOTCH1-214	Census, Compendium
CTCF-212	Census, Compendium
WNK2-201	Census, Compendium
CASP8-218	Census, Compendium
BCLAF1-213	Census, Compendium
TSC2-228	Census, Compendium
KAT6A-215	Census, Compendium
CLTC-201	Census, Compendium
CPEB3-201	Census, Compendium
SMARCA4-239	Census, Compendium
CLIP1-219	Census, Compendium
SPOP-219	Census, Compendium
SETD1B-203	Census, Compendium
CYLD-207	Census, Compendium
SUZ12-201	Census, Compendium
MED12-234	Census, Compendium
FAS-238	Census, Compendium
HLA-A-218	Census, Compendium
NFE2L2-201	Census, Compendium
HNRNPA2B1-241	Census, Compendium
PTPN6-223	Census, Compendium
NTRK1-203	Census, Compendium
BRCA1-206	Census, Compendium
HRAS-210	Census, Compendium
DICER1-220	Census, Compendium
GNAS-217	Census, Compendium
AFF1-201	Census, Compendium
AKT1-213	Census, Compendium
KMT2C-234	Census, Compendium
STAG2-206	Census, Compendium
CTNNB1-219	Census, Compendium
BCOR-210	Census, Compendium
CDK12-201	Census, Compendium
CXCR4-201	Census, Compendium
FOXP1-239	Census, Compendium
STAG2-208	Census, Compendium
AXIN2-206	Census, Compendium
HNRNPA2B1-245	Census, Compendium
STAT6-206	Census, Compendium
ENST00000704381	Census, Compendium
TSC1-213	Census, Compendium
FBXW7-204	Census, Compendium
PMS2-270	Census, Compendium
FGFR2-210	Census, Compendium
FGFR2-206	Census, Compendium
GATA1-204	Census, Compendium
MYD88-211	Census, Compendium
GATA2-208	Census, Compendium
PTEN-201	Census, Compendium
JAK1-201	Census, Compendium
HIP1-207	Census, Compendium
RHOA-209	Census, Compendium
AKT3-201	Census, Compendium
POT1-201	Census, Compendium
GATA2-210	Census, Compendium
SMAD2-204	Census, Compendium
RAP1GDS1-205	Census, Compendium
BRCA2-203	Census, Compendium
PRKAR1A-211	Census, Compendium
CYP2C8-201	Census, Compendium
AKT3-222	Census, Compendium
PSIP1-204	Census, Compendium
CHD4-216	Census, Compendium
TEC-201	Census, Compendium
FOXP1-254	Census, Compendium
MYD88-209	Census, Compendium
PTPN13-206	Census, Compendium
RAD21-203	Census, Compendium
AKT3-217	Census, Compendium
WRN-201	Census, Compendium
JAK1-214	Census, Compendium
DAXX-210	Census, Compendium
STAT5B-210	Census, Compendium
GRIN2A-212	Census, Compendium
NTRK1-206	Census, Compendium
RUNX1T1-215	Census, Compendium
ETV4-203	Census, Compendium
NONO-224	Census, Compendium
ESR1-210	Census, Compendium
FANCD2-212	Census, Compendium
PLCG1-202	Census, Compendium
PTCH1-206	Census, Compendium
CDK12-202	Census, Compendium
STAT3-227	Census, Compendium
ZBTB16-214	Census, Compendium
ETV4-201	Census, Compendium
MYCN-201	Census, Compendium
QKI-203	Census, Compendium
SET-204	Census, Compendium
HNRNPA2B1-239	Census, Compendium
STRN-201	Census, Compendium
SGK1-205	Census, Compendium
ATM-246	Census, Compendium
CHEK2-216	Census, Compendium
PMS2-214	Census, Compendium
BCR-202	Census, Compendium
ZNRF3-203	Census, Compendium
CTNNB1-230	Census, Compendium
DICER1-215	Census, Compendium
ERCC2-201	Census, Compendium
BCLAF1-207	Census, Compendium
HNRNPA2B1-201	Census, Compendium
MYH11-211	Census, Compendium
PTPRT-205	Census, Compendium
SMAD2-203	Census, Compendium
KAT6A-208	Census, Compendium
MAX-216	Census, Compendium
PMS2-267	Census, Compendium
DDX3X-218	Census, Compendium
RGS7-249	Census, Compendium
BRCA1-221	Census, Compendium
CRTC1-201	Census, Compendium
PRKAR1A-203	Census, Compendium
ACSL3-235	Census, Compendium
KAT6B-234	Census, Compendium
SETBP1-207	Census, Compendium
PLCG1-223	Census, Compendium
NKX2-1-202	Census, Compendium
CYLD-208	Census, Compendium
ARHGEF12-213	Census, Compendium
NFE2L2-247	Census, Compendium
HNRNPA2B1-221	Census, Compendium
NTRK3-216	Census, Compendium
APC-209	Census, Compendium
RALGDS-201	Census, Compendium
SETD1B-201	Census, Compendium
MYO5A-209	Census, Compendium
AXIN2-207	Census, Compendium
HNRNPA2B1-223	Census, Compendium
STAT3-244	Census, Compendium
CASP8-220	Census, Compendium
STAT3-223	Census, Compendium
ACVR1-214	Census, Compendium
POT1-230	Census, Compendium
CTNNB1-225	Census, Compendium
RABEP1-202	Census, Compendium
STAT3-219	Census, Compendium
CIITA-201	Census, Compendium
ZBTB16-211	Census, Compendium
TRIM33-201	Census, Compendium
RBM15-209	Census, Compendium
VHL-205	Census, Compendium
DICER1-221	Census, Compendium
EIF3E-248	Census, Compendium
ACSL3-223	Census, Compendium
XPC-201	Census, Compendium
AR-207	Census, Compendium
ERG-201	Census, Compendium
MYO5A-205	Census, Compendium
NBEA-202	Census, Compendium
ZBTB16-219	Census, Compendium
DDB2-208	Census, Compendium
FANCC-201	Census, Compendium
ATRX-206	Census, Compendium
CHD4-248	Census, Compendium
RUNX1-201	Census, Compendium
PMS2-259	Census, Compendium
EIF3E-226	Census, Compendium
TSC2-243	Census, Compendium
TP53-207	Census, Compendium
ALK-201	Census, Compendium
CDK4-214	Census, Compendium
JAK2-204	Census, Compendium
TP53-218	Census, Compendium
EIF3E-201	Census, Compendium
CEBPA-201	Census, Compendium
IDH1-201	Census, Compendium
JAK1-231	Census, Compendium
NONO-204	Census, Compendium
MYH9-202	Census, Compendium
FAS-251	Census, Compendium
ZNF521-207	Census, Compendium
HSP90AB1-202	Census, Compendium
CHD4-231	Census, Compendium
JAK1-229	Census, Compendium
NFE2L2-226	Census, Compendium
STAG2-201	Census, Compendium
RAF1-243	Census, Compendium
APC-202	Census, Compendium
FUBP1-202	Census, Compendium
EZH2-203	Census, Compendium
FOXP1-257	Census, Compendium
ERCC3-210	Census, Compendium
CXCR4-204	Census, Compendium
WAS-208	Census, Compendium
BCL9L-202	Census, Compendium
KEAP1-202	Census, Compendium
DICER1-217	Census, Compendium
TNFRSF14-201	Census, Compendium
HNRNPA2B1-213	Census, Compendium
IRF4-204	Census, Compendium
ATR-201	Census, Compendium
PTPRB-201	Census, Compendium
RUNX1-218	Census, Compendium
MYD88-203	Census, Compendium
IKZF1-219	Census, Compendium
CTNNB1-228	Census, Compendium
NFATC2-201	Census, Compendium
RHOA-208	Census, Compendium
CBL-201	Census, Compendium
KEAP1-208	Census, Compendium
KIT-209	Census, Compendium
PIK3CB-203	Census, Compendium
BRCA1-237	Census, Compendium
GMPS-203	Census, Compendium
MYC-205	Census, Compendium
USP8-218	Census, Compendium
SF3B1-214	Census, Compendium
BRAF-204	Census, Compendium
LPP-207	Census, Compendium
ARHGAP5-209	Census, Compendium
PPP2R1A-221	Census, Compendium
TBL1XR1-201	Census, Compendium
MYO5A-211	Census, Compendium
KLF4-201	Census, Compendium
ZBTB16-218	Census, Compendium
HOXC13-201	Census, Compendium
UBR5-201	Census, Compendium
RET-202	Census, Compendium
FOXA1-201	Census, Compendium
CHD4-201	Census, Compendium
CHD4-206	Census, Compendium
FGFR1-214	Census, Compendium
MYH11-202	Census, Compendium
PTPRT-206	Census, Compendium
ARID1A-201	Census, Compendium
SOCS1-201	Census, Compendium
STAG2-204	Census, Compendium
FAT3-204	Census, Compendium
AKT3-211	Census, Compendium
BRCA2-210	Census, Compendium
BAP1-201	Census, Compendium
PPM1D-212	Census, Compendium
ATM-222	Census, Compendium
KMT2C-224	Census, Compendium
CDK4-201	Census, Compendium
CTNNB1-252	Census, Compendium
NF2-207	Census, Compendium
NFKBIE-201	Census, Compendium
NSD2-205	Census, Compendium
CRTC1-202	Census, Compendium
RUNX1-202	Census, Compendium
RNF43-208	Census, Compendium
GNAS-215	Census, Compendium
MECOM-217	Census, Compendium
CD79B-201	Census, Compendium
TSC2-203	Census, Compendium
HNRNPA2B1-226	Census, Compendium
MAP2K4-202	Census, Compendium
TFG-227	Census, Compendium
ZBTB16-202	Census, Compendium
HNRNPA2B1-202	Census, Compendium
SRSF2-204	Census, Compendium
POLE-208	Census, Compendium
ACVR1-218	Census, Compendium
RAF1-269	Census, Compendium
LIFR-205	Census, Compendium
KAT6B-222	Census, Compendium
TFG-211	Census, Compendium
BRCA1-213	Census, Compendium
SMAD3-215	Census, Compendium
CHD2-201	Census, Compendium
ARHGEF10-205	Census, Compendium
NSD2-219	Census, Compendium
ERBB3-201	Census, Compendium
KMT2D-233	Census, Compendium
BCL11A-204	Census, Compendium
IKBKB-209	Census, Compendium
AR-203	Census, Compendium
RUNX1-207	Census, Compendium
NFE2L2-244	Census, Compendium
ENST00000648100	Census, Compendium
BTK-201	Census, Compendium
ZRSR2-201	Census, Compendium
RUNX1T1-220	Census, Compendium
STAT3-222	Census, Compendium
RANBP2-205	Census, Compendium
NUMA1-223	Census, Compendium
RAD21-202	Census, Compendium
EPHA3-202	Census, Compendium
FHIT-207	Census, Compendium
CDKN2C-203	Census, Compendium
PHF6-204	Census, Compendium
STAT3-215	Census, Compendium
GATA2-201	Census, Compendium
TSC2-231	Census, Compendium
DAXX-202	Census, Compendium
XPO1-201	Census, Compendium
PDGFRA-203	Census, Compendium
AXIN2-201	Census, Compendium
AKT1-218	Census, Compendium
STAG2-227	Census, Compendium
MLLT3-202	Census, Compendium
KIT-216	Census, Compendium
BCL7A-201	Census, Compendium
FBXW7-206	Census, Compendium
PPM1D-209	Census, Compendium
IKBKB-219	Census, Compendium
MET-203	Census, Compendium
TRIP11-201	Census, Compendium
PLAG1-203	Census, Compendium
FOXP1-244	Census, Compendium
EBF1-201	Census, Compendium
CLTC-213	Census, Compendium
LATS2-201	Census, Compendium
FOXO3-201	Census, Compendium
TET2-209	Census, Compendium
NIN-202	Census, Compendium
TRRAP-204	Census, Compendium
STAT6-205	Census, Compendium
POT1-226	Census, Compendium
SPOP-225	Census, Compendium
ERG-208	Census, Compendium
BTK-220	Census, Compendium
TP53-204	Census, Compendium
AFF3-203	Census, Compendium
RANBP2-201	Census, Compendium
NPM1-204	Census, Compendium
HNRNPA2B1-249	Census, Compendium
KAT6B-239	Census, Compendium
CDH1-201	Census, Compendium
RUNX1T1-241	Census, Compendium
PABPC1-215	Census, Compendium
TFG-202	Census, Compendium
DICER1-216	Census, Compendium
SMAD4-201	Census, Compendium
GRIN2A-206	Census, Compendium
ZEB1-202	Census, Compendium
ACVR1-208	Census, Compendium
SMC1A-202	Census, Compendium
RUNX1T1-213	Census, Compendium
USP6-205	Census, Compendium
BRD4-203	Census, Compendium
ELN-235	Census, Compendium
SPOP-205	Census, Compendium
PPP2R1A-203	Census, Compendium
DDX3X-220	Census, Compendium
HLA-A-202	Census, Compendium
HNF1A-211	Census, Compendium
TSC2-233	Census, Compendium
NCOR2-206	Census, Compendium
SMAD2-210	Census, Compendium
DAXX-211	Census, Compendium
DDX3X-257	Census, Compendium
PBRM1-205	Census, Compendium
USP8-215	Census, Compendium
CYSLTR2-201	Census, Compendium
PPM1D-204	Census, Compendium
STAT3-217	Census, Compendium
KDM5C-208	Census, Compendium
SMAD4-206	Census, Compendium
RB1-208	Census, Compendium
SETDB1-219	Census, Compendium
ATRX-201	Census, Compendium
EML4-201	Census, Compendium
PMS2-257	Census, Compendium
BCL11A-205	Census, Compendium
CHEK2-211	Census, Compendium
RUNX1T1-201	Census, Compendium
CUL3-201	Census, Compendium
CTNNB1-216	Census, Compendium
EP300-212	Census, Compendium
DICER1-204	Census, Compendium
CACNA1D-203	Census, Compendium
CYLD-214	Census, Compendium
CTNNB1-235	Census, Compendium
IL7R-205	Census, Compendium
BRCA2-202	Census, Compendium
FGFR1-202	Census, Compendium
MDM2-212	Census, Compendium
PDE4DIP-236	Census, Compendium
ZFHX3-208	Census, Compendium
DDX3X-260	Census, Compendium
FHIT-204	Census, Compendium
STAT3-216	Census, Compendium
RB1-209	Census, Compendium
SETDB1-205	Census, Compendium
UBR5-207	Census, Compendium
ARID1B-202	Census, Compendium
XPO1-246	Census, Compendium
DDX6-202	Census, Compendium
TFG-234	Census, Compendium
MSN-201	Census, Compendium
AKT3-202	Census, Compendium
MEN1-219	Census, Compendium
PIK3CA-204	Census, Compendium
STAT3-245	Census, Compendium
TFG-207	Census, Compendium
SDC4-201	Census, Compendium
TSC2-204	Census, Compendium
KIF5B-201	Census, Compendium
MYO5A-247	Census, Compendium
HNRNPA2B1-222	Census, Compendium
NRG1-222	Census, Compendium
NCOA2-202	Census, Compendium
CTNNB1-209	Census, Compendium
SMARCA4-223	Census, Compendium
JAK1-207	Census, Compendium
CAMTA1-201	Census, Compendium
NFE2L2-255	Census, Compendium
BRCA2-206	Census, Compendium
JAK1-218	Census, Compendium
CARD11-202	Census, Compendium
CDH11-206	Census, Compendium
NFE2L2-254	Census, Compendium
CTCF-217	Census, Compendium
TNFRSF14-207	Census, Compendium
HNRNPA2B1-210	Census, Compendium
TSC2-249	Census, Compendium
NUMA1-205	Census, Compendium
BCL6-204	Census, Compendium
ZNF521-202	Census, Compendium
RHOA-210	Census, Compendium
SMARCA4-203	Census, Compendium
KMT2A-209	Census, Compendium
LPP-222	Census, Compendium
MYC-210	Census, Compendium
TNFRSF14-204	Census, Compendium
ETV5-203	Census, Compendium
JAK1-219	Census, Compendium
HLA-A-221	Census, Compendium
STAT5B-212	Census, Compendium
DDX3X-224	Census, Compendium
STAG2-209	Census, Compendium
PTPRD-210	Census, Compendium
RUNX1T1-225	Census, Compendium
EIF1AX-202	Census, Compendium
GATA3-202	Census, Compendium
PABPC1-231	Census, Compendium
PDCD1LG2-201	Census, Compendium
AKT1-221	Census, Compendium
CLTC-202	Census, Compendium
ABL2-209	Census, Compendium
P2RY8-204	Census, Compendium
RET-207	Census, Compendium
MEN1-206	Census, Compendium
CBFA2T3-201	Census, Compendium
ZEB1-204	Census, Compendium
PDGFRA-210	Census, Compendium
ETV4-202	Census, Compendium
TAF15-210	Census, Compendium
DDX3X-238	Census, Compendium
XPO1-220	Census, Compendium
CDH11-209	Census, Compendium
HNRNPA2B1-240	Census, Compendium
EIF3E-246	Census, Compendium
CDH11-204	Census, Compendium
CTNNB1-244	Census, Compendium
HLA-A-201	Census, Compendium
CNOT3-211	Census, Compendium
CDC73-213	Census, Compendium
RPL10-202	Census, Compendium
NF1-236	Census, Compendium
IDH1-203	Census, Compendium
RAF1-227	Census, Compendium
USP9X-202	Census, Compendium
CXCR4-206	Census, Compendium
FHIT-205	Census, Compendium
HRAS-201	Census, Compendium
PPM1D-201	Census, Compendium
ACVR1-219	Census, Compendium
NFKB2-203	Census, Compendium
PREX2-201	Census, Compendium
FAS-203	Census, Compendium
NF2-209	Census, Compendium
CDC73-201	Census, Compendium
PPM1D-213	Census, Compendium
MDM2-207	Census, Compendium
RUNX1T1-203	Census, Compendium
CHD2-208	Census, Compendium
NCOA1-205	Census, Compendium
CRNKL1-202	Census, Compendium
FAT1-201	Census, Compendium
XPO1-255	Census, Compendium
CACNA1D-206	Census, Compendium
FAS-254	Census, Compendium
PMS2-224	Census, Compendium
RUNX1T1-209	Census, Compendium
NFATC2-202	Census, Compendium
CUX1-213	Census, Compendium
RGS7-242	Census, Compendium
PBRM1-213	Census, Compendium
IL6ST-204	Census, Compendium
NRAS-201	Census, Compendium
BAP1-210	Census, Compendium
NOTCH1-213	Census, Compendium
AFF3-208	Census, Compendium
ZBTB16-208	Census, Compendium
STAT6-201	Census, Compendium
FGFR2-202	Census, Compendium
CLTCL1-209	Census, Compendium
EZH2-209	Census, Compendium
STAT5B-221	Census, Compendium
ZEB1-217	Census, Compendium
IL7R-210	Census, Compendium
NONO-223	Census, Compendium
DICER1-202	Census, Compendium
FANCD2-204	Census, Compendium
STAT3-224	Census, Compendium
HNRNPA2B1-247	Census, Compendium
HSP90AB1-201	Census, Compendium
DDX3X-219	Census, Compendium
SMAD2-208	Census, Compendium
MYC-211	Census, Compendium
ARHGEF12-202	Census, Compendium
FGFR1-226	Census, Compendium
KDR-201	Census, Compendium
RAF1-214	Census, Compendium
RALGDS-203	Census, Compendium
SMARCB1-204	Census, Compendium
FANCF-201	Census, Compendium
XPO1-234	Census, Compendium
IKBKB-210	Census, Compendium
RUNX1T1-245	Census, Compendium
KMT2C-248	Census, Compendium
NF2-212	Census, Compendium
EZH2-201	Census, Compendium
CDK4-207	Census, Compendium
ASXL1-201	Census, Compendium
SOCS1-202	Census, Compendium
XPO1-205	Census, Compendium
KIT-218	Census, Compendium
MYH11-201	Census, Compendium
RAP1GDS1-212	Census, Compendium
TP63-204	Census, Compendium
RAF1-203	Census, Compendium
PTPRK-221	Census, Compendium
CHD4-218	Census, Compendium
QKI-205	Census, Compendium
PTPN6-202	Census, Compendium
FAT4-202	Census, Compendium
ERCC3-213	Census, Compendium
JAK1-211	Census, Compendium
PBRM1-209	Census, Compendium
MEN1-210	Census, Compendium
HNRNPA2B1-244	Census, Compendium
EPHA7-202	Census, Compendium
NFE2L2-240	Census, Compendium
RAF1-202	Census, Compendium
POLD1-203	Census, Compendium
TSC1-239	Census, Compendium
MTCP1-202	Census, Compendium
FGFR2-207	Census, Compendium
JAK1-230	Census, Compendium
ATR-207	Census, Compendium
PRKAR1A-215	Census, Compendium
KDM6A-214	Census, Compendium
RAF1-249	Census, Compendium
BIRC6-214	Census, Compendium
BMPR1A-203	Census, Compendium
PABPC1-220	Census, Compendium
ASXL1-220	Census, Compendium
FOXP1-251	Census, Compendium
NFKB2-204	Census, Compendium
PBRM1-201	Census, Compendium
BCR-201	Census, Compendium
MDM2-219	Census, Compendium
KDM5C-219	Census, Compendium
ACVR1-201	Census, Compendium
CHD4-207	Census, Compendium
MB21D2-201	Census, Compendium
KAT6B-231	Census, Compendium
CBFB-201	Census, Compendium
PRKAR1A-205	Census, Compendium
VAV1-210	Census, Compendium
CCND2-201	Census, Compendium
DDX3X-243	Census, Compendium
ATM-248	Census, Compendium
ERBB2-204	Census, Compendium
BTK-217	Census, Compendium
BRCA1-216	Census, Compendium
KEAP1-201	Census, Compendium
ACSL3-222	Census, Compendium
EXT2-202	Census, Compendium
POT1-224	Census, Compendium
NFATC2-206	Census, Compendium
KDM6A-211	Census, Compendium
TFG-203	Census, Compendium
NFE2L2-202	Census, Compendium
ZNF521-201	Census, Compendium
NSD2-204	Census, Compendium
SPOP-212	Census, Compendium
EWSR1-206	Census, Compendium
BRCA1-219	Census, Compendium
KLF4-203	Census, Compendium
ACVR1-203	Census, Compendium
RAC1-209	Census, Compendium
POLD1-213	Census, Compendium
AKT1-208	Census, Compendium
CSF3R-203	Census, Compendium
SMARCA4-255	Census, Compendium
FGFR4-203	Census, Compendium
MEN1-201	Census, Compendium
ZNF429-201	Census, Compendium
MTOR-201	Census, Compendium
SMC1A-208	Census, Compendium
NONO-202	Census, Compendium
FGFR2-215	Census, Compendium
SMAD4-209	Census, Compendium
DDB2-202	Census, Compendium
FH-201	Census, Compendium
STAT3-246	Census, Compendium
STAT3-237	Census, Compendium
RNF43-201	Census, Compendium
TSC1-222	Census, Compendium
BRCA2-204	Census, Compendium
CACNA1D-202	Census, Compendium
CDH11-201	Census, Compendium
ERBB3-227	Census, Compendium
EXT2-201	Census, Compendium
CRNKL1-201	Census, Compendium
NFE2L2-257	Census, Compendium
FANCC-213	Census, Compendium
GATA1-202	Census, Compendium
CUX1-203	Census, Compendium
PCBP1-201	Census, Compendium
SET-213	Census, Compendium
POT1-215	Census, Compendium
DICER1-201	Census, Compendium
PML-201	Census, Compendium
HOXD13-201	Census, Compendium
TSC1-231	Census, Compendium
JAK1-216	Census, Compendium
IL7R-204	Census, Compendium
JAK2-201	Census, Compendium
POLE-201	Census, Compendium
DICER1-229	Census, Compendium
APC-210	Census, Compendium
ATM-201	Census, Compendium
KMT2D-210	Census, Compendium
ENST00000674624	Census, Compendium
HNRNPA2B1-224	Census, Compendium
BCORL1-205	Census, Compendium
PDGFRB-204	Census, Compendium
NUMA1-202	Census, Compendium
NTRK1-202	Census, Compendium
ACSL3-202	Census, Compendium
NCOA1-203	Census, Compendium
SMAD2-211	Census, Compendium
ATM-217	Census, Compendium
NFE2L2-209	Census, Compendium
ACSL3-219	Census, Compendium
ASXL2-201	Census, Compendium
PTEN-204	Census, Compendium
KDM6A-201	Census, Compendium
RECQL4-209	Census, Compendium
U2AF1-202	Census, Compendium
ELF3-203	Census, Compendium
SMC1A-201	Census, Compendium
NUP214-236	Census, Compendium
AXIN2-204	Census, Compendium
FHIT-203	Census, Compendium
FGFR1-243	Census, Compendium
CDH11-205	Census, Compendium
XPO1-221	Census, Compendium
XPO1-241	Census, Compendium
TBX3-201	Census, Compendium
USP9X-212	Census, Compendium
CASP8-225	Census, Compendium
TBX3-202	Census, Compendium
ATM-209	Census, Compendium
FOXP1-256	Census, Compendium
ACSL3-204	Census, Compendium
XPO1-247	Census, Compendium
RBM15-205	Census, Compendium
ELF3-202	Census, Compendium
CTNNB1-251	Census, Compendium
NONO-229	Census, Compendium
CARD11-203	Census, Compendium
ATM-242	Census, Compendium
HNRNPA2B1-211	Census, Compendium
DDX3X-204	Census, Compendium
PABPC1-217	Census, Compendium
DICER1-214	Census, Compendium
DDX3X-232	Census, Compendium
FANCA-225	Census, Compendium
HRAS-203	Census, Compendium
PPP2R1A-210	Census, Compendium
FLCN-203	Census, Compendium
IL6ST-221	Census, Compendium
PTPN6-201	Census, Compendium
FGFR2-213	Census, Compendium
ACVR1-210	Census, Compendium
DGCR8-203	Census, Compendium
PIK3R1-204	Census, Compendium
SETBP1-204	Census, Compendium
STAT3-212	Census, Compendium
USP6-201	Census, Compendium
CTNNB1-256	Census, Compendium
PIK3R1-211	Census, Compendium
APC-203	Census, Compendium
TRRAP-205	Census, Compendium
CDK4-211	Census, Compendium
DICER1-212	Census, Compendium
MEN1-213	Census, Compendium
MAF-201	Census, Compendium
SMARCA4-213	Census, Compendium
KDM5C-216	Census, Compendium
MAPK1-201	Census, Compendium
USP44-203	Census, Compendium
PTPRT-207	Census, Compendium
NCOR1-201	Census, Compendium
QKI-202	Census, Compendium
SPOP-207	Census, Compendium
PML-204	Census, Compendium
ARHGAP5-207	Census, Compendium
RAF1-258	Census, Compendium
TSC2-221	Census, Compendium
BRCA1-218	Census, Compendium
RAF1-242	Census, Compendium
DICER1-208	Census, Compendium
CNOT3-202	Census, Compendium
CD79B-203	Census, Compendium
ACSL3-220	Census, Compendium
CLTC-212	Census, Compendium
LIFR-201	Census, Compendium
PTPRD-202	Census, Compendium
SRSF2-208	Census, Compendium
BCL10-203	Census, Compendium
ELF4-202	Census, Compendium
XPO1-239	Census, Compendium
BCL9-201	Census, Compendium
NONO-233	Census, Compendium
STAT3-211	Census, Compendium
TP53-225	Census, Compendium
MYO5A-201	Census, Compendium
AKT3-220	Census, Compendium
TFG-228	Census, Compendium
ERCC2-204	Census, Compendium
STAT6-208	Census, Compendium
ACVR1-206	Census, Compendium
FGFR3-205	Census, Compendium
FBXW7-201	Census, Compendium
BIRC3-201	Census, Compendium
MYC-212	Census, Compendium
BCORL1-203	Census, Compendium
MAP2K1-201	Census, Compendium
FGFR1-234	Census, Compendium
HIP1-201	Census, Compendium
POLD1-209	Census, Compendium
RALGDS-202	Census, Compendium
SMARCA4-201	Census, Compendium
ACKR3-202	Census, Compendium
ZFHX3-201	Census, Compendium
SMAD4-210	Census, Compendium
FGFR1-209	Census, Compendium
PML-208	Census, Compendium
RBM15-201	Census, Compendium
LATS1-201	Census, Compendium
ZEB1-201	Census, Compendium
MYC-206	Census, Compendium
BRCA1-205	Census, Compendium
PRKCB-201	Census, Compendium
MYH9-203	Census, Compendium
NUMA1-213	Census, Compendium
BCL10-202	Census, Compendium
CDKN1B-201	Census, Compendium
NFE2L2-215	Census, Compendium
RPL10-206	Census, Compendium
STK11-208	Census, Compendium
RBM15-208	Census, Compendium
PTPRD-214	Census, Compendium
PBRM1-216	Census, Compendium
MAP2K1-216	Census, Compendium
BTK-230	Census, Compendium
AFF1-211	Census, Compendium
IL6ST-219	Census, Compendium
ATM-227	Census, Compendium
RUNX1T1-232	Census, Compendium
PRDM1-209	Census, Compendium
ARHGAP5-208	Census, Compendium
FAS-202	Census, Compendium
NIN-220	Census, Compendium
EIF3E-240	Census, Compendium
SMARCA4-244	Census, Compendium
QKI-207	Census, Compendium
CCND2-206	Census, Compendium
MSI2-203	Census, Compendium
CUL3-204	Census, Compendium
PTPRK-207	Census, Compendium
IDH2-203	Census, Compendium
ARHGEF10-201	Census, Compendium
KDM6A-212	Census, Compendium
NFE2L2-227	Census, Compendium
NRG1-203	Census, Compendium
BCORL1-204	Census, Compendium
CDKN2A-201	Census, Compendium
EPAS1-202	Census, Compendium
AFF3-207	Census, Compendium
FOXP1-207	Census, Compendium
EGFR-202	Census, Compendium
TBL1XR1-237	Census, Compendium
RNF43-203	Census, Compendium
APC-207	Census, Compendium
BAP1-202	Census, Compendium
BRCA1-212	Census, Compendium
EIF3E-225	Census, Compendium
DICER1-211	Census, Compendium
HSP90AB1-204	Census, Compendium
CHD2-202	Census, Compendium
MEN1-202	Census, Compendium
PRRX1-207	Census, Compendium
EPHA3-203	Census, Compendium
FUBP1-201	Census, Compendium
GLI1-201	Census, Compendium
RAF1-247	Census, Compendium
IKZF3-203	Census, Compendium
COL1A1-201	Census, Compendium
NPM1-228	Census, Compendium
FOXP1-241	Census, Compendium
NCOA1-201	Census, Compendium
ERBB2-202	Census, Compendium
BRCA1-203	Census, Compendium
MAX-205	Census, Compendium
PABPC1-218	Census, Compendium
RAF1-237	Census, Compendium
PTPRC-202	Census, Compendium
RAP1GDS1-206	Census, Compendium
ACVR1-212	Census, Compendium
IDH2-201	Census, Compendium
ERBB4-204	Census, Compendium
STIL-203	Census, Compendium
CLIP1-201	Census, Compendium
CLTC-221	Census, Compendium
CASP8-207	Census, Compendium
TSC2-259	Census, Compendium
AFF3-210	Census, Compendium
ARHGAP35-205	Census, Compendium
MAP2K4-212	Census, Compendium
BMPR1A-201	Census, Compendium
NFE2L2-233	Census, Compendium
PDGFRB-207	Census, Compendium
RET-201	Census, Compendium
TNFRSF14-203	Census, Compendium
DROSHA-206	Census, Compendium
TBL1XR1-238	Census, Compendium
NFE2L2-265	Census, Compendium
FANCD2-201	Census, Compendium
MET-204	Census, Compendium
APC-201	Census, Compendium
LATS1-202	Census, Compendium
KMT2A-211	Census, Compendium
TET1-201	Census, Compendium
AFF3-219	Census, Compendium
FANCA-222	Census, Compendium
PABPC1-221	Census, Compendium
NTRK3-218	Census, Compendium
USP9X-201	Census, Compendium
CTNNB1-242	Census, Compendium
CCR7-201	Census, Compendium
PRKAR1A-216	Census, Compendium
FANCC-220	Census, Compendium
PRRX1-201	Census, Compendium
RGS7-231	Census, Compendium
NFE2L2-239	Census, Compendium
STAT3-242	Census, Compendium
PABPC1-208	Census, Compendium
NUMA1-211	Census, Compendium
NSD1-204	Census, Compendium
MSI2-227	Census, Compendium
MDM2-220	Census, Compendium
JAK3-207	Census, Compendium
GRIN2A-202	Census, Compendium
MEN1-218	Census, Compendium
AR-208	Census, Compendium
NFE2L2-246	Census, Compendium
GATA2-205	Census, Compendium
STAT5B-209	Census, Compendium
SPOP-209	Census, Compendium
ACSL3-201	Census, Compendium
BTK-208	Census, Compendium
FOXO1-201	Census, Compendium
NFE2L2-225	Census, Compendium
CTNNB1-246	Census, Compendium
RAD21-208	Census, Compendium
EPS15-203	Census, Compendium
KAT6B-224	Census, Compendium
KAT6B-214	Census, Compendium
TP63-201	Census, Compendium
ASXL2-203	Census, Compendium
NCOA1-204	Census, Compendium
ZNF521-209	Census, Compendium
RAF1-213	Census, Compendium
FGFR1-210	Census, Compendium
PTEN-220	Census, Compendium
RAF1-225	Census, Compendium
NCOR2-201	Census, Compendium
PTCH1-201	Census, Compendium
EP300-201	Census, Compendium
NFKB2-211	Census, Compendium
PTPN6-206	Census, Compendium
TET2-203	Census, Compendium
CHEK2-215	Census, Compendium
KDM5C-205	Census, Compendium
KDM6A-208	Census, Compendium
PRKAR1A-208	Census, Compendium
EPHA7-201	Census, Compendium
LPP-205	Census, Compendium
MAP2K1-207	Census, Compendium
SIRPA-203	Census, Compendium
ARHGAP5-205	Census, Compendium
CLIP1-212	Census, Compendium
NUMA1-226	Census, Compendium
SETDB1-213	Census, Compendium
CTNNB1-226	Census, Compendium
FBXW7-220	Census, Compendium
HNRNPA2B1-248	Census, Compendium
DNMT3A-204	Census, Compendium
SPOP-202	Census, Compendium
STAT5B-213	Census, Compendium
XPO1-223	Census, Compendium
TCF7L2-206	Census, Compendium
SPEN-202	Census, Compendium
RAF1-274	Census, Compendium
SMARCA4-220	Census, Compendium
FBXW7-219	Census, Compendium
CUX1-201	Census, Compendium
FANCA-230	Census, Compendium
KIT-201	Census, Compendium
TSC2-201	Census, Compendium
BCL6-201	Census, Compendium
RAF1-250	Census, Compendium
ZBTB16-201	Census, Compendium
PTPRD-207	Census, Compendium
XPO1-243	Census, Compendium
CHEK2-204	Census, Compendium
KIT-202	Census, Compendium
RAC1-202	Census, Compendium
TSC1-221	Census, Compendium
MYH9-201	Census, Compendium
JAK2-202	Census, Compendium
CTCF-208	Census, Compendium
LIFR-208	Census, Compendium
USP8-202	Census, Compendium
TBL1XR1-204	Census, Compendium
TSC1-212	Census, Compendium
EXT2-218	Census, Compendium
BTK-216	Census, Compendium
EPHA3-201	Census, Compendium
NTRK3-217	Census, Compendium
PMS2-255	Census, Compendium
RGS7-205	Census, Compendium
CDH1-202	Census, Compendium
PTPRK-203	Census, Compendium
CSF3R-210	Census, Compendium
GLI1-208	Census, Compendium
HRAS-207	Census, Compendium
ERCC3-201	Census, Compendium
BCOR-207	Census, Compendium
NPM1-215	Census, Compendium
CHD4-211	Census, Compendium
CTNNB1-207	Census, Compendium
CIC-206	Census, Compendium
AKT3-204	Census, Compendium
ATM-226	Census, Compendium
IL6ST-202	Census, Compendium
BRD4-208	Census, Compendium
ACSL3-229	Census, Compendium
TSC1-224	Census, Compendium
CDC73-205	Census, Compendium
PRKAR1A-213	Census, Compendium
CTNNB1-201	Census, Compendium
IKBKB-216	Census, Compendium
CDKN1A-208	Census, Compendium
STAT3-230	Census, Compendium
RAC1-201	Census, Compendium
LZTR1-205	Census, Compendium
PHF6-211	Census, Compendium
CDK4-212	Census, Compendium
ACVR1-220	Census, Compendium
LPP-201	Census, Compendium
CTNNB1-210	Census, Compendium
CDKN2A-203	Census, Compendium
STAT3-201	Census, Compendium
CSF3R-201	Census, Compendium
RBM15-202	Census, Compendium
ZBTB16-220	Census, Compendium
RAF1-260	Census, Compendium
RPL22-201	Census, Compendium
AKT1-203	Census, Compendium
FGFR4-201	Census, Compendium
DNMT3A-201	Census, Compendium
SMARCA4-251	Census, Compendium
RAF1-267	Census, Compendium
RAD21-214	Census, Compendium
RUNX1T1-214	Census, Compendium
BRAF-205	Census, Compendium
CTCF-214	Census, Compendium
RBM10-203	Census, Compendium
TFG-221	Census, Compendium
FGFR2-235	Census, Compendium
HOXA11-201	Census, Compendium
IDH1-205	Census, Compendium
PLCG1-201	Census, Compendium
GATA3-201	Census, Compendium
CASP8-202	Census, Compendium
CHEK2-205	Census, Compendium
NUP214-231	Census, Compendium
HNRNPA2B1-220	Census, Compendium
CDKN1B-205	Census, Compendium
KMT2D-201	Census, Compendium
AKT1-202	Census, Compendium
MDM2-210	Census, Compendium
HLA-A-203	Census, Compendium
PDGFRB-201	Census, Compendium
FANCA-234	Census, Compendium
BMPR1A-204	Census, Compendium
JAK1-225	Census, Compendium
NUMA1-203	Census, Compendium
PRKAR1A-201	Census, Compendium
BRAF-202	Census, Compendium
ACVR2A-201	Census, Compendium
PIK3CB-207	Census, Compendium
NSD1-223	Census, Compendium
KMT2C-201	Census, Compendium
XPO1-228	Census, Compendium
CYLD-203	Census, Compendium
DDX3X-215	Census, Compendium
IKBKB-211	Census, Compendium
STIL-202	Census, Compendium
FANCA-203	Census, Compendium
SALL4-201	Census, Compendium
BCL7A-203	Census, Compendium
SETD1B-202	Census, Compendium
EXT2-223	Census, Compendium
ETV4-205	Census, Compendium
AR-201	Census, Compendium
SMARCA4-221	Census, Compendium
NUMA1-215	Census, Compendium
RARA-204	Census, Compendium
KDM5C-207	Census, Compendium
PMS2-201	Census, Compendium
GNAS-239	Census, Compendium
ZBTB16-212	Census, Compendium
EIF3E-224	Census, Compendium
GATA2-202	Census, Compendium
TET2-201	Census, Compendium
CDKN1A-204	Census, Compendium
PIK3R1-218	Census, Compendium
HNF1A-201	Census, Compendium
FGFR1-255	Census, Compendium
FANCC-204	Census, Compendium
P2RY8-201	Census, Compendium
SMARCA4-202	Census, Compendium
CTNNB1-203	Census, Compendium
RBM15-204	Census, Compendium
USP8-209	Census, Compendium
KRAS-201	Census, Compendium
SPOP-217	Census, Compendium
PIK3CB-209	Census, Compendium
CTNNB1-247	Census, Compendium
NONO-206	Census, Compendium
PMS2-241	Census, Compendium
SIRPA-201	Census, Compendium
STAT6-211	Census, Compendium
HLA-A-211	Census, Compendium
LPP-210	Census, Compendium
SMAD2-201	Census, Compendium
MED12-201	Census, Compendium
STAT5B-225	Census, Compendium
USP44-206	Census, Compendium
GNAS-206	Census, Compendium
KIT-223	Census, Compendium
SPOP-220	Census, Compendium
BCL6-202	Census, Compendium
TBL1XR1-203	Census, Compendium
ERBB2-219	Census, Compendium
PIK3CA-209	Census, Compendium
CXCR4-203	Census, Compendium
FAM135B-202	Census, Compendium
RUNX1T1-207	Census, Compendium
RGS7-227	Census, Compendium
SMAD3-201	Census, Compendium
RHOA-205	Census, Compendium
WAS-207	Census, Compendium
AXIN1-201	Census, Compendium
PTPN13-203	Census, Compendium
NUMA1-210	Census, Compendium
KAT6A-213	Census, Compendium
BRD4-213	Census, Compendium
PDE4DIP-205	Census, Compendium
NCOA1-202	Census, Compendium
CLTC-215	Census, Compendium
CUX1-211	Census, Compendium
ACSL3-236	Census, Compendium
EIF3E-254	Census, Compendium
POLD1-212	Census, Compendium
RALGDS-204	Census, Compendium
DDX3X-256	Census, Compendium
SPOP-224	Census, Compendium
PABPC1-214	Census, Compendium
BCOR-216	Census, Compendium
FLCN-206	Census, Compendium
STAT5B-228	Census, Compendium
ATM-223	Census, Compendium
TFG-214	Census, Compendium
RAF1-217	Census, Compendium
FANCA-207	Census, Compendium
TP53-224	Census, Compendium
MTOR-213	Census, Compendium
BCL11A-202	Census, Compendium
ACVR1-224	Census, Compendium
CHD4-232	Census, Compendium
NUMA1-227	Census, Compendium
PML-217	Census, Compendium
SMARCD1-202	Census, Compendium
FGFR1-212	Census, Compendium
TGFBR2-201	Census, Compendium
STAT5B-215	Census, Compendium
PDE4DIP-260	Census, Compendium
SRSF2-203	Census, Compendium
IRS4-201	Census, Compendium
RARA-208	Census, Compendium
KMT2A-213	Census, Compendium
RGPD3-201	Census, Compendium
PIK3CB-201	Census, Compendium
LPP-209	Census, Compendium
PBRM1-217	Census, Compendium
SETD2-210	Census, Compendium
NONO-231	Census, Compendium
FAM135B-206	Census, Compendium
RHOA-211	Census, Compendium
TET2-204	Census, Compendium
FOXP1-262	Census, Compendium
BRCA1-208	Census, Compendium
MTOR-212	Census, Compendium
MAF-203	Census, Compendium
NCOR2-202	Census, Compendium
NUMA1-231	Census, Compendium
FOXP1-258	Census, Compendium
STAT6-224	Census, Compendium
GNAS-214	Census, Compendium
RABEP1-207	Census, Compendium
BCLAF1-224	Census, Compendium
KDM6A-233	Census, Compendium
MECOM-220	Census, Compendium
NFE2L2-242	Census, Compendium
CTNNB1-202	Census, Compendium
CXCR4-202	Census, Compendium
TSC1-238	Census, Compendium
PRKAR1A-217	Census, Compendium
SMARCA4-205	Census, Compendium
TFG-236	Census, Compendium
HNRNPA2B1-234	Census, Compendium
NF2-210	Census, Compendium
APC-206	Census, Compendium
GATA2-203	Census, Compendium
TBL1XR1-221	Census, Compendium
PPP2R1A-201	Census, Compendium
KAT6B-220	Census, Compendium
PMS2-247	Census, Compendium
STAT6-213	Census, Compendium
NFKB2-201	Census, Compendium
RPL10-201	Census, Compendium
GATA1-201	Census, Compendium
ERCC3-214	Census, Compendium
CCR7-203	Census, Compendium
NONO-235	Census, Compendium
CRTC1-203	Census, Compendium
SPOP-218	Census, Compendium
CTNNB1-248	Census, Compendium
NBEA-251	Census, Compendium
ASXL1-224	Census, Compendium
CXCR4-207	Census, Compendium
ACSL3-212	Census, Compendium
PTPRT-201	Census, Compendium
BRCA1-204	Census, Compendium
PDE4DIP-221	Census, Compendium
ABL2-203	Census, Compendium
TRRAP-206	Census, Compendium
BMPR1A-202	Census, Compendium
PPP2R1A-215	Census, Compendium
DDB2-216	Census, Compendium
FOXP1-267	Census, Compendium
DDX3X-216	Census, Compendium
HLA-A-220	Census, Compendium
KMT2D-215	Census, Compendium
FOXO3-202	Census, Compendium
HLA-A-212	Census, Compendium
PIM1-201	Census, Compendium
ARID1B-203	Census, Compendium
EWSR1-207	Census, Compendium
HNRNPA2B1-246	Census, Compendium
ACVR1-207	Census, Compendium
TP63-202	Census, Compendium
CTNNB1-223	Census, Compendium
SRGAP3-201	Census, Compendium
PTCH1-229	Census, Compendium
CACNA1D-223	Census, Compendium
ENST00000648873	Census, Compendium
NFE2L2-258	Census, Compendium
NCOA2-201	Census, Compendium
FUBP1-204	Census, Compendium
ARAF-201	Census, Compendium
JAK1-212	Census, Compendium
MTCP1-201	Census, Compendium
NRG1-202	Census, Compendium
MAX-201	Census, Compendium
EIF3E-216	Census, Compendium
DDX3X-237	Census, Compendium
BCLAF1-214	Census, Compendium
CTNNB1-229	Census, Compendium
FANCC-217	Census, Compendium
ACSL3-227	Census, Compendium
LRIG3-201	Census, Compendium
ARHGAP5-202	Census, Compendium
SMARCB1-216	Census, Compendium
JAK1-223	Census, Compendium
MALT1-208	Census, Compendium
FANCC-224	Census, Compendium
TRIM33-202	Census, Compendium
IKBKB-227	Census, Compendium
RBM15-206	Census, Compendium
NFKB2-210	Census, Compendium
TFG-223	Census, Compendium
BCOR-214	Census, Compendium
FOXP1-235	Census, Compendium
FH-206	Census, Compendium
WNK2-202	Census, Compendium
CTNNB1-222	Census, Compendium
PTPRC-206	Census, Compendium
IKBKB-217	Census, Compendium
MEN1-203	Census, Compendium
ABL1-202	Census, Compendium
CTCF-209	Census, Compendium
IL6ST-209	Census, Compendium
ACSL3-214	Census, Compendium
HRAS-205	Census, Compendium
MEN1-212	Census, Compendium
XPO1-252	Census, Compendium
CDC73-206	Census, Compendium
BRD4-201	Census, Compendium
CHEK2-226	Census, Compendium
TBL1XR1-236	Census, Compendium
STAT6-207	Census, Compendium
CTCF-205	Census, Compendium
MAML2-201	Census, Compendium
NFE2L2-216	Census, Compendium
NTRK3-202	Census, Compendium
PPP6C-201	Census, Compendium
STIL-208	Census, Compendium
KDM5C-203	Census, Compendium
SETBP1-203	Census, Compendium
ACVR1-226	Census, Compendium
ZNF429-206	Census, Compendium
ACVR1-202	Census, Compendium
U2AF1-210	Census, Compendium
PRKAR1A-202	Census, Compendium
MTOR-215	Census, Compendium
ERBB3-203	Census, Compendium
TSC2-244	Census, Compendium
SRGAP3-202	Census, Compendium
BTG1-201	Census, Compendium
ELF4-201	Census, Compendium
TBL1XR1-202	Census, Compendium
QKI-204	Census, Compendium
HSP90AA1-201	Census, Compendium
HRAS-202	Census, Compendium
BRCA1-226	Census, Compendium
ABI1-207	Census, Compendium
BRCA2-209	Census, Compendium
STAT5B-222	Census, Compendium
CDH11-203	Census, Compendium
NUMA1-222	Census, Compendium
STAT6-212	Census, Compendium
TBL1XR1-208	Census, Compendium
USP44-205	Census, Compendium
JAK1-210	Census, Compendium
PDGFRA-201	Census, Compendium
IDH2-204	Census, Compendium
TFG-220	Census, Compendium
PIK3R1-217	Census, Compendium
CTNNB1-217	Census, Compendium
CDKN1A-201	Census, Compendium
PRDM2-201	Census, Compendium
NTRK3-203	Census, Compendium
NONO-234	Census, Compendium
FGFR1-203	Census, Compendium
CUL3-203	Census, Compendium
PTPN6-211	Census, Compendium
ERCC2-218	Census, Compendium
HNRNPA2B1-236	Census, Compendium
CYSLTR2-206	Census, Compendium
SIRPA-202	Census, Compendium
KIT-219	Census, Compendium
RAF1-205	Census, Compendium
PRDM1-210	Census, Compendium
NIN-217	Census, Compendium
SPOP-206	Census, Compendium
CLTCL1-202	Census, Compendium
TSC2-234	Census, Compendium
XPO1-240	Census, Compendium
PMS2-269	Census, Compendium
BIRC3-202	Census, Compendium
TSC1-203	Census, Compendium
LRP1B-201	Census, Compendium
MED12-217	Census, Compendium
FANCD2-202	Census, Compendium
MDM2-227	Census, Compendium
NUMA1-208	Census, Compendium
EXT2-212	Census, Compendium
RAD21-201	Census, Compendium
RBM15-207	Census, Compendium
POLD1-215	Census, Compendium
NUMA1-209	Census, Compendium
ACSL3-216	Census, Compendium
TNFAIP3-204	Census, Compendium
ABL1-201	Census, Compendium
PMS2-265	Census, Compendium
RAF1-252	Census, Compendium
STAG2-210	Census, Compendium
FOXP1-214	Census, Compendium
TFG-235	Census, Compendium
NF1-201	Census, Compendium
FGFR2-209	Census, Compendium
ELN-211	Census, Compendium
EZH2-208	Census, Compendium
ESR1-207	Census, Compendium
DDX6-207	Census, Compendium
SIRPA-204	Census, Compendium
NIN-215	Census, Compendium
RB1-201	Census, Compendium
KDM5C-221	Census, Compendium
XPO1-238	Census, Compendium
STAT6-219	Census, Compendium
VAV1-202	Census, Compendium
WAS-202	Census, Compendium
POT1-218	Census, Compendium
LPP-220	Census, Compendium
RUNX1T1-216	Census, Compendium
BCL11B-202	Census, Compendium
AKT1-206	Census, Compendium
ETV6-202	Census, Compendium
FOXP1-233	Census, Compendium
DDB2-201	Census, Compendium
ACSL3-225	Census, Compendium
MYD88-208	Census, Compendium
DCAF12L2-201	Census, Compendium
SF3B1-202	Census, Compendium
GATA3-204	Census, Compendium
POLQ-201	Census, Compendium
TP53-203	Census, Compendium
FH-208	Census, Compendium
SETDB1-202	Census, Compendium
PDE4DIP-206	Census, Compendium
SRSF2-201	Census, Compendium
STAT3-249	Census, Compendium
ESR1-209	Census, Compendium
XPO1-203	Census, Compendium
SETBP1-206	Census, Compendium
STAT3-243	Census, Compendium
HNRNPA2B1-209	Census, Compendium
CACNA1D-211	Census, Compendium
NONO-208	Census, Compendium
DNAJB1-201	Census, Compendium
SPOP-203	Census, Compendium
DICER1-228	Census, Compendium
TNFAIP3-209	Census, Compendium
EXT2-208	Census, Compendium
IKBKB-215	Census, Compendium
SETBP1-205	Census, Compendium
MDM4-213	Census, Compendium
SETBP1-201	Census, Compendium
RBM15-203	Census, Compendium
CHEK2-207	Census, Compendium
ACVR2A-202	Census, Compendium
STAT5B-202	Census, Compendium
NFE2L2-203	Census, Compendium
FAM135B-201	Census, Compendium
ABL2-210	Census, Compendium
PTCH1-205	Census, Compendium
DDX3X-221	Census, Compendium
ERCC3-220	Census, Compendium
SMAD4-207	Census, Compendium
NFE2L2-206	Census, Compendium
TNC-202	Census, Compendium
STAG2-223	Census, Compendium
PRDM1-203	Census, Compendium
RGS7-216	Census, Compendium
TOP1-201	Census, Compendium
SMAD2-207	Census, Compendium
LPP-221	Census, Compendium
AFF3-202	Census, Compendium
FGFR1-221	Census, Compendium
FGFR1-238	Census, Compendium
CREBBP-201	Census, Compendium
PTPRK-206	Census, Compendium
HLA-A-216	Census, Compendium
CYLD-211	Census, Compendium
NF2-214	Census, Compendium
TNFAIP3-203	Census, Compendium
CHD4-236	Census, Compendium
CTNNB1-236	Census, Compendium
STIL-204	Census, Compendium
TNFAIP3-206	Census, Compendium
VAV1-207	Census, Compendium
CASP8-205	Census, Compendium
FOXP1-217	Census, Compendium
NKX2-1-204	Census, Compendium
USP8-201	Census, Compendium
SPOP-214	Census, Compendium
CCDC6-201	Census, Compendium
RAF1-238	Census, Compendium
NCOR1-229	Census, Compendium
ELL-201	Census, Compendium
HNRNPA2B1-227	Census, Compendium
DROSHA-211	Census, Compendium
CTNNB1-239	Census, Compendium
DDX3X-217	Census, Compendium
PLAG1-201	Census, Compendium
ERBB3-230	Census, Compendium
POT1-220	Census, Compendium
ABL2-202	Census, Compendium
IL6ST-223	Census, Compendium
KAT6A-205	Census, Compendium
SRSF2-202	Census, Compendium
PTPRK-205	Census, Compendium
HRAS-204	Census, Compendium
FGFR2-234	Census, Compendium
NF1-202	Census, Compendium
TAF15-209	Census, Compendium
MET-201	Census, Compendium
TGFBR2-202	Census, Compendium
PRDM1-208	Census, Compendium
NTRK1-211	Census, Compendium
XPO1-242	Census, Compendium
BIRC6-201	Census, Compendium
KDM5C-202	Census, Compendium
CDKN1A-202	Census, Compendium
ACVR1-217	Census, Compendium
CNOT3-201	Census, Compendium
ATRX-202	Census, Compendium
FANCA-215	Census, Compendium
IL6ST-222	Census, Compendium
CTNNB1-208	Census, Compendium
FGFR2-203	Census, Compendium
MDM4-216	Census, Compendium
FBXO11-215	Census, Compendium
ESR1-202	Census, Compendium
IL7R-209	Census, Compendium
EXT2-203	Census, Compendium
RALGDS-205	Census, Compendium
NFE2L2-252	Census, Compendium
KAT6A-203	Census, Compendium
EIF3E-245	Census, Compendium
MEN1-211	Census, Compendium
RGS7-203	Census, Compendium
SMARCB1-221	Census, Compendium
CRNKL1-205	Census, Compendium
DGCR8-201	Census, Compendium
ERBB4-201	Census, Compendium
CCND2-207	Census, Compendium
ERCC2-214	Census, Compendium
VAV1-201	Census, Compendium
GATA2-212	Census, Compendium
CTNNB1-238	Census, Compendium
FOXA1-203	Census, Compendium
ERBB3-228	Census, Compendium
CBL-205	Census, Compendium
NFE2L2-235	Census, Compendium
PABPC1-201	Census, Compendium
EPAS1-201	Census, Compendium
LRIG3-202	Census, Compendium
PMS2-254	Census, Compendium
CBL-203	Census, Compendium
AKT1-211	Census, Compendium
GLI1-203	Census, Compendium
PML-221	Census, Compendium
BCL2-207	Census, Compendium
CLTC-220	Census, Compendium
SGK1-201	Census, Compendium
DICER1-218	Census, Compendium
MAX-207	Census, Compendium
KMT2A-234	Census, Compendium
SMC1A-203	Census, Compendium
KIT-213	Census, Compendium
ACVR1-215	Census, Compendium
ELF3-201	Census, Compendium
SMARCA4-253	Census, Compendium
ATM-229	Census, Compendium
TSC1-205	Census, Compendium
PTPRC-209	Census, Compendium
AFF3-212	Census, Compendium
ERCC2-203	Census, Compendium
EZH2-216	Census, Compendium
PIK3R1-221	Census, Compendium
MEN1-208	Census, Compendium
NONO-201	Census, Compendium
NONO-222	Census, Compendium
CLTC-219	Census, Compendium
BTK-212	Census, Compendium
RANBP2-202	Census, Compendium
MAP2K4-201	Census, Compendium
ARID1B-220	Census, Compendium
FLT3-201	Census, Compendium
FAS-221	Census, Compendium
NUMA1-228	Census, Compendium
MAPK1-202	Census, Compendium
SMARCA4-243	Census, Compendium
KAT6B-232	Census, Compendium
TSC1-226	Census, Compendium
RAF1-259	Census, Compendium
GATA2-209	Census, Compendium
RAF1-262	Census, Compendium
HLA-A-204	Census, Compendium
SGK1-203	Census, Compendium
USP44-208	Census, Compendium
PTPRT-203	Census, Compendium
IL7R-201	Census, Compendium
POLD1-205	Census, Compendium
PMS2-268	Census, Compendium
TSC1-225	Census, Compendium
CTNNB1-255	Census, Compendium
FANCC-216	Census, Compendium
FOXP1-201	Census, Compendium
ACSL3-226	Census, Compendium
FGFR4-207	Census, Compendium
CDKN1A-203	Census, Compendium
ZEB1-207	Census, Compendium
BRD4-205	Census, Compendium
TSC2-241	Census, Compendium
FAS-208	Census, Compendium
U2AF1-201	Census, Compendium
NFE2L2-264	Census, Compendium
RUNX1T1-223	Census, Compendium
RBM10-201	Census, Compendium
HNRNPA2B1-208	Census, Compendium
KMT2A-222	Census, Compendium
ATM-235	Census, Compendium
ESR1-208	Census, Compendium
AKT1-209	Census, Compendium
PIK3CA-205	Census, Compendium
NOTCH2-201	Census, Compendium
STAT6-218	Census, Compendium
POT1-229	Census, Compendium
CLIP1-202	Census, Compendium
NCOR1-206	Census, Compendium
SMARCA4-233	Census, Compendium
STAG2-211	Census, Compendium
PTPN11-202	Census, Compendium
RHOA-203	Census, Compendium
PTPN13-202	Census, Compendium
PABPC1-210	Census, Compendium
PTPN13-204	Census, Compendium
STAT5B-201	Census, Compendium
TSC1-219	Census, Compendium
RAD21-215	Census, Compendium
MSN-211	Census, Compendium
NF1-211	Census, Compendium
EGFR-201	Census, Compendium
DNMT3A-202	Census, Compendium
CIC-201	Census, Compendium
FGFR4-216	Census, Compendium
STAT3-203	Census, Compendium
PIK3CB-214	Census, Compendium
TP53-205	Census, Compendium
TSC1-210	Census, Compendium
TP63-207	Census, Compendium
FGFR4-208	Census, Compendium
CHEK2-208	Census, Compendium
CLTC-210	Census, Compendium
USP9X-213	Census, Compendium
POT1-223	Census, Compendium
BIRC3-206	Census, Compendium
RAF1-219	Census, Compendium
MYH11-203	Census, Compendium
STAG2-202	Census, Compendium
CDKN2C-201	Census, Compendium
XPO1-249	Census, Compendium
NUMA1-204	Census, Compendium
USP8-205	Census, Compendium
LPP-203	Census, Compendium
CIITA-214	Census, Compendium
ACVR1-211	Census, Compendium
MET-202	Census, Compendium
ARHGEF12-201	Census, Compendium
CCND3-203	Census, Compendium
FGFR1-211	Census, Compendium
RAF1-256	Census, Compendium
AR-206	Census, Compendium
CDKN2C-202	Census, Compendium
KDM6A-215	Census, Compendium
TSC1-206	Census, Compendium
BRCA1-228	Census, Compendium
PTEN-209	Census, Compendium
ARHGEF10-204	Census, Compendium
CTNNB1-218	Census, Compendium
RARA-201	Census, Compendium
RAF1-246	Census, Compendium
HNRNPA2B1-212	Census, Compendium
POT1-228	Census, Compendium
CHD4-230	Census, Compendium
PDGFRA-208	Census, Compendium
USP9X-210	Census, Compendium
PRF1-202	Census, Compendium
ARHGEF10L-202	Census, Compendium
IDH1-204	Census, Compendium
CDH11-213	Census, Compendium
MDM2-232	Census, Compendium
PTPRK-204	Census, Compendium
PRDM2-202	Census, Compendium
HSP90AB1-203	Census, Compendium
RHOA-206	Census, Compendium
B2M-205	Census, Compendium
HNRNPA2B1-219	Census, Compendium
HNRNPA2B1-214	Census, Compendium
KAT6B-210	Census, Compendium
TP53-211	Census, Compendium
PIK3CB-204	Census, Compendium
HNRNPA2B1-238	Census, Compendium
EXT2-215	Census, Compendium
CASP8-206	Census, Compendium
EGFR-205	Census, Compendium
MAF-202	Census, Compendium
PMS2-222	Census, Compendium
NFE2L2-217	Census, Compendium
AKT1-201	Census, Compendium
IL6ST-206	Census, Compendium
GNAS-221	Census, Compendium
TCF7L2-210	Census, Compendium
TFG-201	Census, Compendium
BCL2-203	Census, Compendium
DICER1-209	Census, Compendium
SPEN-201	Census, Compendium
SPOP-201	Census, Compendium
NSD2-218	Census, Compendium
HNRNPA2B1-237	Census, Compendium
CASP8-209	Census, Compendium
PABPC1-228	Census, Compendium
UBR5-212	Census, Compendium
RAD21-206	Census, Compendium
FAT1-208	Census, Compendium
STAG2-205	Census, Compendium
AFF3-221	Census, Compendium
RHOA-202	Census, Compendium
SMAD4-202	Census, Compendium
HNRNPA2B1-233	Census, Compendium
SMARCB1-213	Census, Compendium
RUNX1T1-227	Census, Compendium
KAT6B-201	Census, Compendium
STAT3-247	Census, Compendium
VHL-201	Census, Compendium
GLI1-204	Census, Compendium
TFG-205	Census, Compendium
ESR1-201	Census, Compendium
CHEK2-206	Census, Compendium
EPHA7-217	Census, Compendium
ERCC3-215	Census, Compendium
MDM2-202	Census, Compendium
MAP2K1-214	Census, Compendium
MAX-206	Census, Compendium
NFE2L2-211	Census, Compendium
CACNA1D-201	Census, Compendium
FUBP1-203	Census, Compendium
NIN-205	Census, Compendium
PRKAR1A-204	Census, Compendium
FLT4-201	Census, Compendium
XPO1-219	Census, Compendium
STAT5B-211	Census, Compendium
ETV5-201	Census, Compendium
FGFR4-214	Census, Compendium
NBEA-203	Census, Compendium
RHOA-207	Census, Compendium
EXT2-220	Census, Compendium
FOXP1-238	Census, Compendium
XPO1-208	Census, Compendium
BCL9L-201	Census, Compendium
MDM4-203	Census, Compendium
DDX6-206	Census, Compendium
NSD2-206	Census, Compendium
PTPRT-202	Census, Compendium
MDM4-205	Census, Compendium
FANCC-202	Census, Compendium
DAXX-201	Census, Compendium
LPP-204	Census, Compendium
MSN-212	Census, Compendium
SETDB1-201	Census, Compendium
CTNNB1-234	Census, Compendium
EPHA7-207	Census, Compendium
CREBBP-202	Census, Compendium
FLT3-202	Census, Compendium
XPO1-207	Census, Compendium
ERBB4-202	Census, Compendium
BIRC6-215	Census, Compendium
TBL1XR1-239	Census, Compendium
LZTR1-221	Census, Compendium
BCOR-217	Census, Compendium
RET-204	Census, Compendium
STAT3-241	Census, Compendium
NF2-202	Census, Compendium
SF3B1-201	Census, Compendium
KAT6B-208	Census, Compendium
CIITA-205	Census, Compendium
MED12-247	Census, Compendium
EIF3E-251	Census, Compendium
CYLD-210	Census, Compendium
NFE2L2-223	Census, Compendium
PDE4DIP-202	Census, Compendium
TBL1XR1-214	Census, Compendium
SMO-201	Census, Compendium
FOXP1-232	Census, Compendium
PRDM1-202	Census, Compendium
TSC2-242	Census, Compendium
ACKR3-201	Census, Compendium
JAK1-222	Census, Compendium
FANCC-207	Census, Compendium
AKT1-214	Census, Compendium
STAT6-209	Census, Compendium
PRF1-201	Census, Compendium
MAP2K1-211	Census, Compendium
TFG-204	Census, Compendium
POT1-221	Census, Compendium
CYLD-202	Census, Compendium
PIK3R1-213	Census, Compendium
STK11-201	Census, Compendium
NUP214-201	Census, Compendium
CLTC-205	Census, Compendium
FGFR1-206	Census, Compendium
POLE-207	Census, Compendium
SMARCA4-247	Census, Compendium
BCOR-202	Census, Compendium
B2M-211	Census, Compendium
NTRK1-201	Census, Compendium
BRCA2-208	Census, Compendium
RUNX1T1-243	Census, Compendium
PTPN11-207	Census, Compendium
TNFRSF14-205	Census, Compendium
PIK3CA-201	Census, Compendium
NKX2-1-203	Census, Compendium
XPO1-202	Census, Compendium
TFG-217	Census, Compendium
PRRX1-202	Census, Compendium
NFE2L2-256	Census, Compendium
FAM135B-204	Census, Compendium
TFG-216	Census, Compendium
FLCN-201	Census, Compendium
BCL9L-205	Census, Compendium
MYC-213	Census, Compendium
MAP3K1-201	Census, Compendium
PSIP1-203	Census, Compendium
KDM6A-202	Census, Compendium
ATM-225	Census, Compendium
CHEK2-225	Census, Compendium
TRRAP-201	Census, Compendium
CTNNB1-241	Census, Compendium
FOXP1-202	Census, Compendium
JAK1-226	Census, Compendium
CAMTA1-208	Census, Compendium
NCOR1-210	Census, Compendium
JAK1-227	Census, Compendium
IL6ST-218	Census, Compendium
SUZ12-204	Census, Compendium
EWSR1-208	Census, Compendium
BCL9-203	Census, Compendium
FLT4-202	Census, Compendium
JAK1-208	Census, Compendium
TRIM24-201	Census, Compendium
CCND2-208	Census, Compendium
NFE2L2-236	Census, Compendium
PTPN11-205	Census, Compendium
ETV5-207	Census, Compendium
DGCR8-210	Census, Compendium
STAT6-225	Census, Compendium
MSN-207	Census, Compendium
TNFAIP3-202	Census, Compendium
NKX2-1-201	Census, Compendium
SETBP1-208	Census, Compendium
TSC2-202	Census, Compendium
ASXL1-202	Census, Compendium
JAK1-228	Census, Compendium
PTPN11-216	Census, Compendium
DICER1-210	Census, Compendium
LIFR-202	Census, Compendium
MYC-214	Census, Compendium
ACVR1-222	Census, Compendium
GNAQ-201	Census, Compendium
BRCA1-232	Census, Compendium
PHF6-205	Census, Compendium
PTPRK-218	Census, Compendium
MYO5A-204	Census, Compendium
FANCA-202	Census, Compendium
RNF213-201	Census, Compendium
FANCC-214	Census, Compendium
TP53-202	Census, Compendium
DDX3X-203	Census, Compendium
CPEB3-203	Census, Compendium
CCND1-201	Census, Compendium
ETV4-211	Census, Compendium
PTPRT-204	Census, Compendium
USP8-208	Census, Compendium
NUMA1-221	Census, Compendium
CLTC-217	Census, Compendium
BRCA2-214	Census, Compendium
POT1-203	Census, Compendium
PHF6-201	Census, Compendium
FUBP1-214	Census, Compendium
CTNNB1-249	Census, Compendium
USP9X-209	Census, Compendium
SH2B3-201	Census, Compendium
PML-205	Census, Compendium
POT1-216	Census, Compendium
PMS2-261	Census, Compendium
CDH10-201	Census, Compendium
FBXO11-202	Census, Compendium
PTPN11-212	Census, Compendium
SETDB1-220	Census, Compendium
ENST00000647725	Census, Compendium
GATA3-205	Census, Compendium
HLA-A-223	Census, Compendium
DDX3X-201	Census, Compendium
PTPN11-201	Census, Compendium
QKI-201	Census, Compendium
CHEK2-203	Census, Compendium
IRS4-202	Census, Compendium
MAX-212	Census, Compendium
FANCC-218	Census, Compendium
XPO1-231	Census, Compendium
NIN-209	Census, Compendium
VHL-204	Census, Compendium
AFF3-201	Census, Compendium
BCL2-209	Census, Compendium
CTNNB1-250	Census, Compendium
NFE2L2-205	Census, Compendium
ERG-207	Census, Compendium
BTK-209	Census, Compendium
PBRM1-212	Census, Compendium
CTCF-215	Census, Compendium
TET2-207	Census, Compendium
RGS7-202	Census, Compendium
JAK1-209	Census, Compendium
PMS2-260	Census, Compendium
SMARCA4-212	Census, Compendium
NPM1-201	Census, Compendium
NFE2L2-241	Census, Compendium
TFG-218	Census, Compendium
CTCF-201	Census, Compendium
MYO5A-222	Census, Compendium
NPM1-217	Census, Compendium
CDX2-201	Census, Compendium
BTK-218	Census, Compendium
BAX-204	Census
BAX-202	Census
BLM-213	Census
BLM-211	Census
BLM-212	Census
BLM-201	Census
DEK-212	Census
DEK-206	Census
DEK-211	Census
DEK-204	Census
DEK-207	Census
DEK-209	Census
EED-214	Census
EED-203	Census
EED-202	Census
EED-201	Census
EED-212	Census
EZR-202	Census
EZR-201	Census
FES-205	Census
FES-212	Census
FES-217	Census
FES-201	Census
FES-206	Census
FES-209	Census
FEV-201	Census
FUS-201	Census
FUS-210	Census
FUS-202	Census
HLF-201	Census
IL2-201	Census
ISX-202	Census
ISX-201	Census
ITK-202	Census
ITK-201	Census
JUN-203	Census
JUN-201	Census
JUN-202	Census
LCK-213	Census
LCK-202	Census
LCK-201	Census
LCK-205	Census
LYN-203	Census
LYN-202	Census
MN1-201	Census
MPL-202	Census
MPL-201	Census
MYB-221	Census
MYB-209	Census
MYB-216	Census
MYB-241	Census
MYB-231	Census
MYB-215	Census
MYB-202	Census
MYB-214	Census
MYB-218	Census
MYB-229	Census
MYB-205	Census
MYB-204	Census
MYB-203	Census
MYB-201	Census
NBN-232	Census
NBN-212	Census
NBN-213	Census
NBN-215	Census
NBN-231	Census
NBN-230	Census
NBN-226	Census
NBN-227	Census
NBN-229	Census
NBN-202	Census
NBN-201	Census
NBN-235	Census
NBN-228	Census
OMD-201	Census
REL-206	Census
REL-201	Census
SKI-201	Census
SRC-202	Census
SRC-212	Census
SRC-204	Census
SRC-214	Census
SRC-203	Census
SRC-213	Census
SRC-201	Census
SYK-201	Census
SYK-204	Census
TPR-201	Census
TPR-209	Census
XPA-201	Census
A1CF-207	Census
A1CF-201	Census
A1CF-202	Census
A1CF-206	Census
A1CF-205	Census
A1CF-204	Census
A1CF-203	Census
AFDN-203	Census
AFDN-207	Census
AFDN-211	Census
AFDN-205	Census
AFDN-202	Census
AFDN-201	Census
AFDN-223	Census
AFDN-222	Census
AFF4-204	Census
AFF4-201	Census
AKT2-207	Census
AKT2-209	Census
AKT2-206	Census
AKT2-212	Census
AKT2-208	Census
AKT2-214	Census
AKT2-236	Census
AKT2-219	Census
AKT2-241	Census
AKT2-229	Census
AKT2-211	Census
AKT2-205	Census
AKT2-239	Census
AKT2-244	Census
AKT2-213	Census
ANK1-205	Census
ANK1-216	Census
ANK1-215	Census
ANK1-201	Census
ANK1-202	Census
ARNT-204	Census
ARNT-212	Census
ARNT-208	Census
ARNT-201	Census
ARNT-202	Census
ATF1-204	Census
ATF1-201	Census
ATF1-205	Census
ATIC-201	Census
ATIC-205	Census
BCL3-201	Census
BMP5-201	Census
BRD3-203	Census
BRD3-202	Census
BRD3-201	Census
BTG2-202	Census
BTG2-201	Census
CALR-201	Census
CALR-204	Census
CALR-202	Census
CBLB-217	Census
CBLB-207	Census
CBLB-214	Census
CBLB-215	Census
CBLB-201	Census
CBLB-203	Census
CBLB-202	Census
CBLC-203	Census
CCNC-210	Census
CCNC-203	Census
CCNC-205	Census
CCNC-207	Census
CCNC-209	Census
CCR4-201	Census
CD28-201	Census
CD74-201	Census
CD74-202	Census
CD74-209	Census
CDK6-201	Census
CDK6-202	Census
CLP1-206	Census
CLP1-207	Census
CLP1-205	Census
CLP1-202	Census
CLP1-203	Census
CNBP-201	Census
CNBP-204	Census
CNBP-202	Census
DDR2-205	Census
DDR2-203	Census
DDR2-201	Census
DDR2-202	Census
DDX5-202	Census
DDX5-201	Census
DDX5-233	Census
DDX5-205	Census
DDX5-229	Census
DDX5-234	Census
DDX5-207	Census
DDX5-240	Census
DDX5-210	Census
DDX5-236	Census
DDX5-203	Census
DNM2-202	Census
DNM2-203	Census
DNM2-201	Census
DNM2-205	Census
DNM2-204	Census
ELK4-202	Census
ELK4-203	Census
ELK4-204	Census
ERC1-203	Census
ERC1-219	Census
ERC1-224	Census
ERC1-221	Census
ERC1-202	Census
ERC1-204	Census
ERC1-222	Census
ETV1-208	Census
ETV1-209	Census
ETV1-207	Census
ETV1-203	Census
ETV1-210	Census
ETV1-205	Census
ETV1-201	Census
ETV1-206	Census
ETV1-212	Census
EXT1-203	Census
EXT1-201	Census
FEN1-203	Census
FEN1-201	Census
FLI1-203	Census
FLI1-210	Census
FLI1-205	Census
FLI1-207	Census
FLNA-202	Census
FLNA-220	Census
FLNA-203	Census
FLNA-201	Census
GAS7-203	Census
GOPC-201	Census
GOPC-202	Census
GPC3-201	Census
GPC3-209	Census
GPC3-210	Census
GPC3-202	Census
GPC5-201	Census
GPHN-204	Census
GPHN-210	Census
GPHN-215	Census
GPHN-214	Census
GPHN-201	Census
GPHN-203	Census
GRM3-202	Census
GRM3-201	Census
GRM3-204	Census
HEY1-202	Census
HEY1-209	Census
HEY1-201	Census
KAT7-206	Census
KAT7-201	Census
KAT7-237	Census
KDSR-213	Census
KDSR-212	Census
KLF6-206	Census
KLK2-205	Census
KLK2-201	Census
KLK2-202	Census
KLK2-211	Census
KNL1-211	Census
KNL1-201	Census
KNL1-202	Census
KTN1-221	Census
KTN1-208	Census
KTN1-205	Census
KTN1-225	Census
LCP1-204	Census
LCP1-202	Census
LCP1-203	Census
LCP1-201	Census
LEF1-212	Census
LEF1-201	Census
LMNA-229	Census
LMNA-204	Census
LMNA-231	Census
LMNA-232	Census
LMNA-226	Census
LMNA-237	Census
LMNA-224	Census
LMNA-205	Census
LMNA-234	Census
LMNA-240	Census
LMNA-201	Census
LMO1-204	Census
LMO1-202	Census
LMO1-201	Census
LMO2-202	Census
LYL1-201	Census
MAFB-201	Census
MGMT-205	Census
MITF-202	Census
MITF-203	Census
MITF-216	Census
MITF-208	Census
MITF-217	Census
MLF1-208	Census
MLF1-218	Census
MLF1-209	Census
MLF1-205	Census
MLF1-220	Census
MLF1-206	Census
MLF1-207	Census
MLF1-219	Census
MLF1-203	Census
MLF1-202	Census
MLF1-201	Census
MLH1-227	Census
MLH1-201	Census
MLH1-213	Census
MLH1-203	Census
MLH1-210	Census
MLH1-237	Census
MNX1-201	Census
MSH2-208	Census
MSH2-204	Census
MSH2-206	Census
MSH2-209	Census
MSH2-207	Census
MSH2-205	Census
MSH2-202	Census
MSH2-201	Census
MSH6-206	Census
MSH6-203	Census
MSH6-212	Census
MSH6-202	Census
MSH6-219	Census
MSH6-201	Census
MSH6-217	Census
MSH6-211	Census
MSH6-204	Census
MUC4-218	Census
MUC4-209	Census
MUC4-215	Census
MYCL-202	Census
MYCL-204	Census
MYCL-203	Census
NAB2-201	Census
NACA-212	Census
NACA-207	Census
NACA-204	Census
NACA-219	Census
NACA-211	Census
NACA-201	Census
NACA-203	Census
NACA-226	Census
NACA-220	Census
NACA-223	Census
NACA-202	Census
NFIB-211	Census
NFIB-216	Census
NFIB-206	Census
NFIB-205	Census
NFIB-204	Census
NFIB-207	Census
NFIB-203	Census
NFIB-208	Census
NFIB-220	Census
NFIB-201	Census
NFIB-215	Census
NSD3-206	Census
NSD3-203	Census
NSD3-211	Census
NSD3-212	Census
NSD3-210	Census
NSD3-202	Census
PAX3-205	Census
PAX3-207	Census
PAX3-204	Census
PAX3-206	Census
PAX5-201	Census
PAX5-209	Census
PAX5-215	Census
PAX5-203	Census
PAX7-203	Census
PAX8-202	Census
PAX8-205	Census
PAX8-201	Census
PAX8-214	Census
PBX1-221	Census
PBX1-222	Census
PBX1-202	Census
PBX1-201	Census
PBX1-203	Census
PCM1-211	Census
PCM1-214	Census
PCM1-217	Census
PCM1-201	Census
PER1-211	Census
PER1-201	Census
PMS1-213	Census
PMS1-201	Census
PMS1-211	Census
PMS1-215	Census
POLG-213	Census
POLG-219	Census
POLG-201	Census
POLG-202	Census
POLG-217	Census
PRCC-201	Census
PTK6-201	Census
PTK6-202	Census
RHOH-215	Census
RHOH-216	Census
RHOH-214	Census
RHOH-209	Census
RHOH-217	Census
RHOH-201	Census
RHOH-207	Census
RHOH-203	Census
RHOH-210	Census
RHOH-208	Census
RHOH-202	Census
RHOH-206	Census
RHOH-204	Census
RHOH-211	Census
RMI2-201	Census
ROS1-201	Census
ROS1-202	Census
RPL5-202	Census
RPL5-204	Census
RPN1-201	Census
RPN1-202	Census
SBDS-206	Census
SBDS-208	Census
SBDS-211	Census
SBDS-201	Census
SBDS-202	Census
SBDS-213	Census
ENST00000651543	Census
SDHA-204	Census
SDHA-201	Census
SDHB-208	Census
SDHB-201	Census
SDHC-202	Census
SDHC-206	Census
SDHD-207	Census
SDHD-201	Census
SDHD-204	Census
SDHD-203	Census
SFPQ-201	Census
SFPQ-211	Census
SIX2-201	Census
SND1-201	Census
SOX2-201	Census
SS18-203	Census
SS18-205	Census
SSX1-201	Census
SUFU-202	Census
TAL1-201	Census
TAL1-206	Census
TAL1-202	Census
TAL2-201	Census
TCF3-207	Census
TCF3-209	Census
TCF3-220	Census
TCF3-211	Census
TCF3-201	Census
TERT-206	Census
TERT-201	Census
TFE3-204	Census
TFE3-201	Census
TFEB-217	Census
TFEB-212	Census
TFEB-203	Census
TFEB-204	Census
TFEB-209	Census
TFEB-216	Census
TFEB-215	Census
TFEB-208	Census
TFEB-213	Census
TFEB-205	Census
TFEB-202	Census
TFEB-210	Census
TFEB-201	Census
TFEB-206	Census
TFEB-211	Census
TFPT-202	Census
TFPT-203	Census
TFPT-204	Census
TFRC-204	Census
TFRC-202	Census
TFRC-222	Census
TFRC-225	Census
TFRC-223	Census
TFRC-216	Census
TFRC-233	Census
TFRC-201	Census
TLX1-201	Census
TLX1-203	Census
TLX3-201	Census
TPM3-224	Census
TPM3-222	Census
TPM4-235	Census
TPM4-217	Census
TPM4-218	Census
TSHR-202	Census
TSHR-203	Census
TSHR-212	Census
TSHR-201	Census
TSHR-207	Census
TSHR-205	Census
WDCP-203	Census
WDCP-201	Census
WIF1-201	Census
ACSL6-227	Census
ACSL6-204	Census
ACSL6-209	Census
ACSL6-208	Census
ACSL6-203	Census
ACSL6-220	Census
ACSL6-205	Census
ACSL6-207	Census
ACSL6-221	Census
ACSL6-210	Census
ACSL6-231	Census
ENST00000413683	Census
ENST00000652469	Census
AKAP9-229	Census
AKAP9-217	Census
AKAP9-201	Census
AKAP9-231	Census
AKAP9-224	Census
AKAP9-232	Census
AKAP9-202	Census
AKAP9-215	Census
AKAP9-220	Census
AKAP9-228	Census
AKAP9-227	Census
AKAP9-226	Census
ALDH2-203	Census
ALDH2-201	Census
BARD1-201	Census
BARD1-214	Census
BARD1-204	Census
BARD1-209	Census
BARD1-211	Census
BARD1-202	Census
BARD1-212	Census
BAZ1A-202	Census
BAZ1A-201	Census
BAZ1A-203	Census
BRIP1-216	Census
BRIP1-218	Census
BRIP1-217	Census
BRIP1-201	Census
BRIP1-211	Census
BRIP1-215	Census
BRIP1-203	Census
BRIP1-209	Census
BUB1B-201	Census
BUB1B-202	Census
CANT1-203	Census
CANT1-202	Census
CANT1-209	Census
CANT1-208	Census
CANT1-211	Census
CANT1-214	Census
CANT1-207	Census
CANT1-201	Census
CANT1-216	Census
CANT1-205	Census
CASP3-206	Census
CASP3-207	Census
CASP3-208	Census
CASP3-204	Census
CASP3-201	Census
CASP9-201	Census
CASP9-209	Census
CASP9-202	Census
CASP9-210	Census
CCNE1-203	Census
CCNE1-201	Census
CD209-204	Census
CD209-203	Census
CD274-202	Census
CD79A-201	Census
CDH17-203	Census
CDH17-201	Census
CDH17-205	Census
CEP89-203	Census
CEP89-201	Census
CEP89-204	Census
CHIC2-201	Census
CNBD1-206	Census
CNBD1-202	Census
CNTRL-227	Census
CNTRL-205	Census
CNTRL-222	Census
CNTRL-218	Census
CNTRL-202	Census
CNTRL-225	Census
COX6C-207	Census
COX6C-206	Census
COX6C-205	Census
COX6C-203	Census
COX6C-209	Census
COX6C-202	Census
COX6C-210	Census
COX6C-208	Census
COX6C-201	Census
COX6C-204	Census
CREB1-205	Census
CREB1-201	Census
CREB1-206	Census
CRLF2-202	Census
CRLF2-204	Census
CRTC3-201	Census
CRTC3-202	Census
CRTC3-217	Census
CRTC3-215	Census
CRTC3-218	Census
CSF1R-209	Census
CSF1R-210	Census
CSF1R-201	Census
CSMD3-204	Census
CSMD3-203	Census
CSMD3-201	Census
DCTN1-228	Census
DCTN1-206	Census
DCTN1-226	Census
DCTN1-202	Census
DCTN1-205	Census
DCTN1-201	Census
DCTN1-203	Census
DDIT3-201	Census
DDIT3-206	Census
DDIT3-202	Census
DDX10-203	Census
DDX10-210	Census
DDX10-201	Census
DDX10-214	Census
DDX10-217	Census
DDX10-209	Census
ECT2L-201	Census
ECT2L-204	Census
ECT2L-202	Census
ERCC4-216	Census
ERCC4-211	Census
ERCC4-207	Census
ERCC4-201	Census
ERCC5-211	Census
ERCC5-203	Census
ERCC5-212	Census
ERCC5-207	Census
ETNK1-207	Census
FANCE-201	Census
FANCE-202	Census
FANCE-204	Census
FANCG-203	Census
FANCG-211	Census
FANCG-215	Census
FANCG-212	Census
FANCG-201	Census
FANCG-202	Census
FANCG-217	Census
FANCG-222	Census
FBLN2-201	Census
FBLN2-205	Census
FCRL4-201	Census
FKBP9-201	Census
FKBP9-214	Census
FNBP1-212	Census
FNBP1-202	Census
FNBP1-203	Census
FNBP1-209	Census
FNBP1-208	Census
FOXO4-202	Census
FOXR1-201	Census
FSTL3-201	Census
HIF1A-202	Census
HIF1A-203	Census
HIF1A-201	Census
HIF1A-204	Census
HMGA1-208	Census
HMGA1-201	Census
HMGA1-205	Census
HMGA2-207	Census
HMGA2-204	Census
HMGA2-210	Census
HMGA2-206	Census
HOOK3-206	Census
HOOK3-201	Census
HOXA9-202	Census
HOXA9-201	Census
IL21R-206	Census
IL21R-204	Census
IL21R-201	Census
IL21R-202	Census
ITGAV-208	Census
ITGAV-215	Census
ITGAV-213	Census
ITGAV-214	Census
ITGAV-201	Census
ITGAV-212	Census
ITGAV-202	Census
ITGAV-216	Census
ITGAV-204	Census
JAZF1-206	Census
JAZF1-201	Census
KCNJ5-201	Census
KCNJ5-202	Census
KCNJ5-203	Census
LASP1-201	Census
MACC1-201	Census
MACC1-205	Census
MACC1-202	Census
MLLT6-211	Census
MRTFA-215	Census
MRTFA-201	Census
MRTFA-203	Census
MRTFA-204	Census
MUC16-206	Census
MUC16-201	Census
MUTYH-248	Census
MUTYH-245	Census
MUTYH-225	Census
MUTYH-204	Census
MUTYH-203	Census
MUTYH-206	Census
MUTYH-202	Census
MUTYH-201	Census
MUTYH-205	Census
MUTYH-242	Census
MUTYH-212	Census
MUTYH-234	Census
MUTYH-233	Census
MUTYH-209	Census
MUTYH-227	Census
MUTYH-208	Census
MUTYH-211	Census
MYOD1-201	Census
N4BP2-201	Census
NCOA4-202	Census
NCOA4-201	Census
NCOA4-207	Census
NCOA4-205	Census
NCOA4-204	Census
NDRG1-225	Census
NDRG1-219	Census
NDRG1-213	Census
NDRG1-211	Census
NDRG1-253	Census
NDRG1-229	Census
NDRG1-202	Census
NDRG1-201	Census
NDRG1-260	Census
NR4A3-202	Census
NR4A3-204	Census
NR4A3-201	Census
NR4A3-203	Census
NT5C2-201	Census
NT5C2-203	Census
NT5C2-207	Census
NT5C2-211	Census
NT5C2-223	Census
NT5C2-215	Census
NT5C2-222	Census
NT5C2-219	Census
NT5C2-202	Census
NT5C2-224	Census
NT5C2-225	Census
NT5C2-217	Census
NT5C2-227	Census
NT5C2-216	Census
NT5C2-221	Census
NT5C2-220	Census
NT5C2-226	Census
NTHL1-201	Census
NTHL1-212	Census
NUP98-228	Census
NUP98-203	Census
NUP98-201	Census
NUP98-224	Census
NUP98-225	Census
NUP98-214	Census
NUP98-229	Census
NUTM1-202	Census
NUTM1-201	Census
NUTM1-203	Census
OLIG2-201	Census
OLIG2-203	Census
OLIG2-202	Census
PALB2-204	Census
PALB2-201	Census
PALB2-202	Census
PALB2-212	Census
PATZ1-202	Census
PDGFB-202	Census
PDGFB-201	Census
PPARG-205	Census
PPARG-202	Census
PPARG-227	Census
PPARG-201	Census
PPARG-229	Census
PPARG-206	Census
PPARG-224	Census
PPARG-208	Census
PPARG-215	Census
PPARG-222	Census
PPARG-216	Census
PPARG-214	Census
PPARG-217	Census
PRKD1-202	Census
PRKD1-201	Census
RAD17-207	Census
RAD17-202	Census
RAD17-220	Census
RAD17-203	Census
RAD17-208	Census
RAD17-204	Census
RAD17-205	Census
RAD17-213	Census
RFWD3-212	Census
RFWD3-202	Census
RFWD3-207	Census
RFWD3-201	Census
RFWD3-208	Census
ROBO2-208	Census
ROBO2-217	Census
ROBO2-202	Census
ROBO2-207	Census
ROBO2-205	Census
ROBO2-214	Census
RSPO2-208	Census
RSPO2-207	Census
RSPO2-209	Census
RSPO2-201	Census
RSPO3-201	Census
RSPO3-202	Census
SFRP4-201	Census
SHTN1-202	Census
SHTN1-204	Census
SHTN1-201	Census
SNX29-205	Census
SRSF3-208	Census
SRSF3-203	Census
SRSF3-202	Census
STAG1-202	Census
STAG1-207	Census
TCEA1-206	Census
TCEA1-208	Census
TCF12-202	Census
TCF12-201	Census
TCF12-204	Census
TCF12-207	Census
TCF12-208	Census
TCL1A-205	Census
TCL1A-208	Census
TCL1A-203	Census
TCL1A-201	Census
TRAF7-204	Census
TRAF7-205	Census
TRAF7-202	Census
TRAF7-208	Census
TRAF7-203	Census
TRAF7-201	Census
VTI1A-202	Census
VTI1A-201	Census
VTI1A-210	Census
WWTR1-204	Census
WWTR1-203	Census
WWTR1-201	Census
WWTR1-211	Census
WWTR1-208	Census
WWTR1-209	Census
YWHAE-208	Census
YWHAE-211	Census
YWHAE-201	Census
ZMYM2-202	Census
ZMYM2-203	Census
ZMYM2-210	Census
ZMYM3-206	Census
ZMYM3-207	Census
ZMYM3-201	Census
ACVR1B-203	Census
ACVR1B-201	Census
ACVR1B-202	Census
ACVR1B-205	Census
ATP1A1-201	Census
ATP1A1-211	Census
ATP1A1-203	Census
ATP2B3-201	Census
ATP2B3-203	Census
ATP2B3-209	Census
ATP2B3-205	Census
ATP2B3-207	Census
ATP2B3-202	Census
ATP2B3-204	Census
ATP2B3-206	Census
CHCHD7-209	Census
CHCHD7-215	Census
CHCHD7-203	Census
CHCHD7-202	Census
CHCHD7-204	Census
CHCHD7-211	Census
CHST11-205	Census
CHST11-201	Census
COL2A1-202	Census
COL2A1-201	Census
COL3A1-201	Census
CTNNA1-240	Census
CTNNA1-221	Census
CTNNA1-210	Census
CTNNA1-230	Census
CTNNA1-201	Census
CTNNA1-213	Census
CTNNA1-241	Census
CTNNA1-234	Census
CTNNA1-206	Census
CTNNA1-244	Census
CTNNA1-219	Census
CTNNA2-207	Census
CTNNA2-204	Census
CTNNA2-206	Census
CTNNA2-203	Census
CTNND1-201	Census
CTNND1-241	Census
CTNND1-214	Census
CTNND1-205	Census
CTNND1-203	Census
CTNND1-208	Census
CTNND1-212	Census
CTNND1-202	Census
CTNND1-204	Census
CTNND1-218	Census
CTNND1-219	Census
CTNND1-220	Census
CTNND1-226	Census
CTNND1-227	Census
CTNND1-231	Census
CTNND1-239	Census
CTNND1-233	Census
CTNND1-236	Census
CTNND1-238	Census
CTNND1-209	Census
CTNND1-221	Census
CTNND2-201	Census
CTNND2-213	Census
CTNND2-206	Census
EIF4A2-201	Census
EIF4A2-205	Census
EIF4A2-204	Census
EIF4A2-203	Census
EIF4A2-208	Census
EIF4A2-206	Census
EIF4A2-202	Census
FAM47C-201	Census
FCGR2B-203	Census
FCGR2B-202	Census
FIP1L1-238	Census
FIP1L1-247	Census
FIP1L1-250	Census
FIP1L1-237	Census
FIP1L1-235	Census
FIP1L1-217	Census
FIP1L1-252	Census
FIP1L1-203	Census
FIP1L1-202	Census
GOLGA5-201	Census
HOXA13-202	Census
HOXC11-202	Census
HOXD11-201	Census
KNSTRN-203	Census
KNSTRN-202	Census
KNSTRN-201	Census
LARP4B-202	Census
LARP4B-216	Census
LARP4B-207	Census
LARP4B-201	Census
LARP4B-213	Census
LHFPL6-203	Census
LHFPL6-201	Census
LSM14A-207	Census
LSM14A-201	Census
LSM14A-203	Census
MAP2K2-201	Census
MLLT10-218	Census
MLLT10-201	Census
MLLT10-215	Census
MLLT10-216	Census
MLLT10-217	Census
MLLT10-202	Census
MLLT10-222	Census
MLLT10-203	Census
MLLT10-219	Census
MLLT10-204	Census
MLLT11-201	Census
NUTM2B-202	Census
NUTM2B-201	Census
NUTM2D-202	Census
NUTM2D-201	Census
PHOX2B-201	Census
PICALM-202	Census
PICALM-224	Census
PICALM-204	Census
PICALM-218	Census
POLR2A-210	Census
POU5F1-201	Census
PRDM16-208	Census
PRDM16-201	Census
PRDM16-203	Census
PRDM16-206	Census
PRKACA-201	Census
PRKACA-208	Census
PWWP2A-201	Census
PWWP2A-202	Census
RAD51B-204	Census
RAD51B-201	Census
RAD51B-209	Census
RAD51B-207	Census
RAD51B-208	Census
RAD51B-214	Census
RAD51B-211	Census
S100A7-201	Census
S100A7-202	Census
ENST00000541135	Census
ENST00000543044	Census
SDHAF2-208	Census
SDHAF2-202	Census
SDHAF2-203	Census
SDHAF2-201	Census
SH3GL1-201	Census
SPECC1-206	Census
SPECC1-212	Census
SPECC1-214	Census
SPECC1-201	Census
SPECC1-232	Census
SPECC1-242	Census
SPECC1-245	Census
SPECC1-217	Census
SPECC1-248	Census
SPECC1-225	Census
SPECC1-210	Census
SPECC1-228	Census
SPECC1-227	Census
SPECC1-223	Census
SPECC1-226	Census
SPECC1-204	Census
SPECC1-218	Census
SPECC1-233	Census
SPECC1-246	Census
SPECC1-237	Census
SS18L1-201	Census
TENT5C-201	Census
THRAP3-204	Census
THRAP3-203	Census
THRAP3-201	Census
TMSB4X-202	Census
TMSB4X-203	Census
TMSB4X-204	Census
TMSB4X-201	Census
TRIM27-201	Census
TRIM27-202	Census
ZCCHC8-210	Census
ZNF331-206	Census
ZNF331-224	Census
ZNF331-209	Census
ZNF331-215	Census
ZNF331-223	Census
ZNF331-221	Census
ZNF331-218	Census
ZNF331-222	Census
ZNF331-225	Census
ZNF331-201	Census
ZNF331-202	Census
ZNF331-212	Census
ZNF331-214	Census
ZNF384-212	Census
ZNF384-210	Census
ZNF384-211	Census
ZNF384-203	Census
ZNF384-204	Census
ZNF384-215	Census
ZNF479-201	Census
ZNF479-202	Census
ASPSCR1-203	Census
ASPSCR1-202	Census
CNTNAP2-201	Census
CNTNAP2-205	Census
CREB3L1-206	Census
CREB3L2-201	Census
FAM131B-206	Census
FAM131B-202	Census
FAM131B-209	Census
FAM131B-201	Census
FAM131B-203	Census
HERPUD1-204	Census
HERPUD1-210	Census
HERPUD1-201	Census
IGF2BP2-204	Census
IGF2BP2-202	Census
MAP3K13-204	Census
MAP3K13-201	Census
MAP3K13-203	Census
MAP3K13-205	Census
MAP3K13-206	Census
MAP3K13-211	Census
NCKIPSD-208	Census
NCKIPSD-201	Census
NCKIPSD-204	Census
NCKIPSD-206	Census
POU2AF1-201	Census
PPFIBP1-204	Census
PPFIBP1-205	Census
PPFIBP1-202	Census
PRPF40B-202	Census
PRPF40B-201	Census
PRPF40B-209	Census
SLC34A2-201	Census
SLC34A2-203	Census
SLC34A2-204	Census
SLC34A2-202	Census
SLC34A2-207	Census
SMARCE1-202	Census
SMARCE1-233	Census
SMARCE1-245	Census
SMARCE1-248	Census
SMARCE1-226	Census
SMARCE1-218	Census
SMARCE1-201	Census
SMARCE1-205	Census
SMARCE1-206	Census
TMEM127-202	Census
TMEM127-201	Census
TMPRSS2-213	Census
TMPRSS2-201	Census
TMPRSS2-211	Census
TMPRSS2-204	Census
TMPRSS2-206	Census
TMPRSS2-210	Census
TMPRSS2-216	Census
TMPRSS2-205	Census
TMPRSS2-202	Census
TMPRSS2-218	Census
TMPRSS2-212	Census
TMPRSS2-220	Census
APOBEC3B-201	Census
ARHGAP26-222	Census
ARHGAP26-201	Census
CCNB1IP1-203	Census
CCNB1IP1-205	Census
CCNB1IP1-202	Census
CCNB1IP1-204	Census
CCNB1IP1-213	Census
CCNB1IP1-215	Census
CCNB1IP1-201	Census
KIAA1549-202	Census
KIAA1549-201	Census
LEPROTL1-202	Census
LEPROTL1-201	Census
LEPROTL1-206	Census
PAFAH1B2-204	Census
PAFAH1B2-202	Census
PAFAH1B2-206	Census
TNFRSF17-201	Census
ABCB1-201	Compendium
ABCB1-211	Compendium
ADGRB1-201	Compendium
ADGRB1-204	Compendium
ADGRB1-205	Compendium
AJUBA-201	Compendium
ALB-214	Compendium
ALB-201	Compendium
ALB-205	Compendium
ATF7IP-205	Compendium
ATF7IP-204	Compendium
ATF7IP-215	Compendium
ATF7IP-201	Compendium
ATF7IP-208	Compendium
ATF7IP-219	Compendium
ATF7IP-209	Compendium
ATF7IP-218	Compendium
ATF7IP-202	Compendium
ATF7IP-203	Compendium
ATF7IP-224	Compendium
ATF7IP-214	Compendium
ATF7IP-212	Compendium
ATF7IP-220	Compendium
ATF7IP-222	Compendium
ATG7-225	Compendium
ATG7-226	Compendium
ATG7-201	Compendium
ATG7-214	Compendium
ATG7-206	Compendium
ATG7-205	Compendium
ATG7-202	Compendium
ATG7-211	Compendium
BMPR2-202	Compendium
BMPR2-201	Compendium
BRD7-201	Compendium
BRD7-208	Compendium
BRD7-209	Compendium
BRD7-202	Compendium
CASZ1-202	Compendium
CASZ1-201	Compendium
CD58-201	Compendium
CD58-202	Compendium
CD58-204	Compendium
CD58-203	Compendium
CMTR2-207	Compendium
CMTR2-208	Compendium
CMTR2-201	Compendium
CMTR2-206	Compendium
CMTR2-202	Compendium
CMTR2-203	Compendium
CMTR2-204	Compendium
CNOT9-202	Compendium
CNOT9-201	Compendium
CNOT9-208	Compendium
CR1-206	Compendium
CR1-203	Compendium
CR1-204	Compendium
CR1-205	Compendium
CR1-212	Compendium
DAZAP1-211	Compendium
DAZAP1-205	Compendium
DAZAP1-202	Compendium
DAZAP1-201	Compendium
DCSTAMP-201	Compendium
DHX9-201	Compendium
DIS3-201	Compendium
DIS3-204	Compendium
DOT1L-209	Compendium
DOT1L-201	Compendium
DTX1-201	Compendium
DTX1-204	Compendium
DUSP16-202	Compendium
EFTUD2-223	Compendium
EFTUD2-225	Compendium
EFTUD2-201	Compendium
EFTUD2-220	Compendium
EFTUD2-202	Compendium
EGR2-204	Compendium
EGR2-207	Compendium
EGR2-201	Compendium
EHD2-201	Compendium
ENPEP-201	Compendium
EPHA2-201	Compendium
ESRRA-202	Compendium
ESRRA-201	Compendium
ESRRA-205	Compendium
ESRRA-208	Compendium
FAM174B-201	Compendium
FAM186A-204	Compendium
FAM186A-201	Compendium
FAT2-201	Compendium
FBLN1-202	Compendium
FBLN1-203	Compendium
FBN2-204	Compendium
FBN2-201	Compendium
FBN2-202	Compendium
FGD5-201	Compendium
FN1-208	Compendium
FN1-201	Compendium
FN1-203	Compendium
FOXA2-201	Compendium
FOXA2-202	Compendium
FOXD4L1-201	Compendium
GNA13-201	Compendium
GNAI2-202	Compendium
GTF2I-221	Compendium
GTF2I-212	Compendium
GTF2I-215	Compendium
GTF2I-201	Compendium
HERC2-207	Compendium
HERC2-201	Compendium
HGF-209	Compendium
HGF-206	Compendium
HGF-201	Compendium
HGF-205	Compendium
HLA-B-261	Compendium
HLA-B-249	Compendium
HLA-B-257	Compendium
HLA-B-259	Compendium
HLA-B-260	Compendium
HLA-B-258	Compendium
HSPG2-203	Compendium
HTRA2-214	Compendium
HTRA2-201	Compendium
IFNAR1-224	Compendium
IFNAR1-201	Compendium
IFNAR1-206	Compendium
IFNAR1-222	Compendium
IFNAR1-217	Compendium
IFNAR1-226	Compendium
IFNAR1-221	Compendium
IFNAR1-218	Compendium
IFNAR1-220	Compendium
IFNGR1-201	Compendium
IFNGR1-205	Compendium
IFNGR1-212	Compendium
IFNGR1-214	Compendium
IFNGR1-208	Compendium
IFNGR1-211	Compendium
IFNGR1-209	Compendium
IFNGR1-207	Compendium
IFNGR1-202	Compendium
IFNGR1-213	Compendium
IFNGR1-210	Compendium
ING1-203	Compendium
INO80-209	Compendium
IRAK1-203	Compendium
IRF1-244	Compendium
IRF1-206	Compendium
IRF1-210	Compendium
IRF1-234	Compendium
IRF1-213	Compendium
IRF1-202	Compendium
IRF1-201	Compendium
KDM3B-201	Compendium
KEL-201	Compendium
KIFC1-211	Compendium
KLF5-201	Compendium
KLHL36-204	Compendium
KLHL36-206	Compendium
KLHL36-205	Compendium
KLHL36-207	Compendium
KLHL6-201	Compendium
KLHL6-202	Compendium
KMT2B-201	Compendium
KMT2B-225	Compendium
KMT2B-206	Compendium
LDB1-202	Compendium
LDB1-201	Compendium
LDB1-204	Compendium
LOX-206	Compendium
LOX-201	Compendium
LPAR4-204	Compendium
LPAR4-201	Compendium
LPAR4-202	Compendium
LTB-210	Compendium
MAP2-219	Compendium
MAP2-218	Compendium
MAP2-204	Compendium
MAP2-202	Compendium
MAP2-217	Compendium
MAP2-207	Compendium
MAP2K7-203	Compendium
MAP2K7-202	Compendium
MAP2K7-201	Compendium
MARK2-204	Compendium
MARK2-209	Compendium
MARK2-211	Compendium
MARK2-206	Compendium
MARK2-207	Compendium
MCM3AP-201	Compendium
MCM3AP-202	Compendium
BORCS8-MEF2B-202	Compendium
MEF2B-205	Compendium
MGA-214	Compendium
MGA-201	Compendium
MGA-208	Compendium
NEFH-201	Compendium
NFKBIA-218	Compendium
NFKBIA-201	Compendium
NIPBL-201	Compendium
NIPBL-209	Compendium
NIPBL-202	Compendium
NKTR-201	Compendium
NPEPPS-208	Compendium
NPEPPS-228	Compendium
NPEPPS-235	Compendium
NPEPPS-201	Compendium
NPEPPS-239	Compendium
NPEPPS-229	Compendium
NPEPPS-232	Compendium
NPEPPS-215	Compendium
NPEPPS-226	Compendium
NPEPPS-231	Compendium
NPRL2-205	Compendium
NPRL2-203	Compendium
NPRL2-201	Compendium
NRK-203	Compendium
NRK-201	Compendium
NRP1-204	Compendium
NRP1-201	Compendium
NRP1-208	Compendium
NRP1-206	Compendium
NT5C3A-209	Compendium
NXF1-201	Compendium
NXF1-202	Compendium
NXF1-213	Compendium
PAK2-201	Compendium
PARP4-201	Compendium
PCDH17-201	Compendium
PCMTD1-201	Compendium
PCMTD1-207	Compendium
PCMTD1-206	Compendium
PDPR-210	Compendium
PDPR-207	Compendium
PDPR-201	Compendium
PEG3-203	Compendium
PEG3-207	Compendium
PEG3-212	Compendium
PEG3-205	Compendium
PEG3-202	Compendium
PEG3-214	Compendium
PEG3-211	Compendium
PEG3-204	Compendium
PEG3-216	Compendium
PEG3-201	Compendium
PEG3-213	Compendium
PEG3-218	Compendium
PEG3-217	Compendium
PLCB4-206	Compendium
PLCB4-216	Compendium
PLCB4-231	Compendium
PLCB4-217	Compendium
PLCB4-215	Compendium
PLCB4-209	Compendium
PLCB4-242	Compendium
PLCB4-261	Compendium
PLCB4-229	Compendium
PLCB4-223	Compendium
PLCB4-246	Compendium
PLCB4-239	Compendium
PLCB4-203	Compendium
PLCB4-202	Compendium
PLCB4-214	Compendium
PLCB4-244	Compendium
PLCB4-207	Compendium
PLCB4-201	Compendium
PLCB4-241	Compendium
PLCB4-218	Compendium
PLCB4-255	Compendium
PLCB4-226	Compendium
PLCB4-253	Compendium
PLCB4-249	Compendium
PLCB4-232	Compendium
PLCB4-221	Compendium
PLCB4-236	Compendium
PLCB4-233	Compendium
PLCB4-250	Compendium
PLCB4-227	Compendium
PLCB4-248	Compendium
PLCB4-204	Compendium
PLCB4-222	Compendium
POU2F2-204	Compendium
POU2F2-202	Compendium
POU2F2-208	Compendium
PPP3CA-202	Compendium
PPP3CA-203	Compendium
PPT2-244	Compendium
PPT2-246	Compendium
PPT2-248	Compendium
PPT2-247	Compendium
PPT2-249	Compendium
PPT2-245	Compendium
PPT2-EGFL8-202	Compendium
PPT2-EGFL8-203	Compendium
PRKCD-202	Compendium
PRKCD-211	Compendium
PRKCD-208	Compendium
PRKCD-206	Compendium
PRKCD-207	Compendium
PRKCD-210	Compendium
PRKCD-201	Compendium
PRKCD-205	Compendium
PRKD2-206	Compendium
PRKD2-202	Compendium
PRKD2-201	Compendium
PRR14-202	Compendium
PRR14-211	Compendium
PRR14-203	Compendium
PRR14-212	Compendium
PTMA-201	Compendium
PTMA-202	Compendium
PTPN14-201	Compendium
RASA1-201	Compendium
RASA1-206	Compendium
RASA2-201	Compendium
RBFOX1-212	Compendium
RBFOX1-211	Compendium
RBFOX1-234	Compendium
RBFOX1-232	Compendium
RBFOX1-206	Compendium
RBFOX1-240	Compendium
RBFOX1-201	Compendium
RBFOX2-210	Compendium
RBFOX2-203	Compendium
RBFOX2-208	Compendium
RBM38-203	Compendium
RBM38-205	Compendium
RBM39-201	Compendium
RBM39-213	Compendium
RBM39-203	Compendium
RBM39-205	Compendium
RELA-215	Compendium
RELA-208	Compendium
RELA-202	Compendium
RELA-201	Compendium
RELA-219	Compendium
RGL3-201	Compendium
RGL3-202	Compendium
RHPN2-201	Compendium
RHPN2-204	Compendium
RIPK1-201	Compendium
RNF6-202	Compendium
RNF6-201	Compendium
RNF6-203	Compendium
RPS3A-201	Compendium
RPS3A-214	Compendium
RPS3A-210	Compendium
RPS6KA3-211	Compendium
RPS6KA3-214	Compendium
RPS6KA3-201	Compendium
RPS6KA3-203	Compendium
RPS6KA3-210	Compendium
RPS6KA3-215	Compendium
RPS6KA3-216	Compendium
RPS6KA3-212	Compendium
RPS6KA3-206	Compendium
RPS6KA3-208	Compendium
RPS6KA3-209	Compendium
RRAGC-201	Compendium
RRAS2-201	Compendium
RSPH10B2-203	Compendium
RSPH10B2-202	Compendium
RSPH10B2-201	Compendium
RXRA-205	Compendium
RXRA-202	Compendium
SATB1-219	Compendium
SATB1-209	Compendium
SATB1-210	Compendium
SATB1-202	Compendium
SATB1-220	Compendium
SATB1-201	Compendium
SATB1-221	Compendium
SATB1-206	Compendium
SATB1-222	Compendium
SATB1-217	Compendium
SATB1-203	Compendium
SATB1-205	Compendium
SATB1-208	Compendium
SATB1-204	Compendium
SFMBT2-205	Compendium
SFMBT2-204	Compendium
SFMBT2-201	Compendium
SFMBT2-209	Compendium
SFMBT2-208	Compendium
SFMBT2-203	Compendium
SFMBT2-202	Compendium
SIN3A-217	Compendium
SIN3A-203	Compendium
SIN3A-205	Compendium
SIN3A-206	Compendium
SIN3A-201	Compendium
SIN3A-209	Compendium
SIN3A-218	Compendium
SIN3A-211	Compendium
SIN3A-208	Compendium
SIN3A-202	Compendium
SIN3A-214	Compendium
SIN3A-210	Compendium
SIN3A-219	Compendium
SIN3A-204	Compendium
SIN3A-221	Compendium
SMARCA1-201	Compendium
SMARCA1-203	Compendium
SMARCA1-202	Compendium
SOHLH2-202	Compendium
SOHLH2-201	Compendium
SOS1-202	Compendium
SOS1-201	Compendium
SOX17-201	Compendium
SOX9-201	Compendium
SP140-203	Compendium
SP140-202	Compendium
SUSD2-201	Compendium
TCF4-224	Compendium
TCF4-201	Compendium
TCF4-277	Compendium
TCF4-289	Compendium
TCF4-202	Compendium
TCF4-267	Compendium
TCF4-232	Compendium
TCF4-241	Compendium
TCF4-205	Compendium
TCF4-225	Compendium
TCF4-213	Compendium
TCF4-254	Compendium
TCF4-207	Compendium
TCF4-208	Compendium
TCF4-240	Compendium
TCF4-282	Compendium
TCIRG1-209	Compendium
TCIRG1-201	Compendium
TCIRG1-218	Compendium
TFAP4-201	Compendium
TFAP4-203	Compendium
TLL1-201	Compendium
TLL1-204	Compendium
TLL1-202	Compendium
TOP2A-201	Compendium
TRAF3-207	Compendium
TRAF3-208	Compendium
TRAF3-210	Compendium
TRAF3-202	Compendium
TRIM49C-201	Compendium
U2AF2-201	Compendium
U2AF2-207	Compendium
U2AF2-202	Compendium
UBE2A-209	Compendium
UBE2A-201	Compendium
UBE2A-213	Compendium
UBE2A-202	Compendium
UBE2D2-202	Compendium
UBE2D2-201	Compendium
UGT2B17-201	Compendium
ENST00000376358	Compendium
WDR45-228	Compendium
WDR45-241	Compendium
WDR45-232	Compendium
WDR45-205	Compendium
WDR45-202	Compendium
WDR45-238	Compendium
WDR45-206	Compendium
WDR45-201	Compendium
WDR45-215	Compendium
WNK4-201	Compendium
ZBTB20-202	Compendium
ZBTB20-221	Compendium
ZBTB20-211	Compendium
ZBTB20-220	Compendium
ZBTB20-208	Compendium
ZBTB20-222	Compendium
ZBTB20-210	Compendium
ZBTB20-205	Compendium
ZBTB20-214	Compendium
ZBTB20-201	Compendium
ZBTB7B-203	Compendium
ZBTB7B-202	Compendium
ZBTB7B-205	Compendium
ZBTB7B-201	Compendium
ZCRB1-207	Compendium
ZCRB1-201	Compendium
ZCRB1-212	Compendium
ZCRB1-204	Compendium
ZFP36L1-201	Compendium
ZFP36L1-202	Compendium
ZFX-201	Compendium
ZFX-205	Compendium
ZFX-204	Compendium
ZFX-203	Compendium
ZNF148-201	Compendium
ZNF148-202	Compendium
ZNF148-208	Compendium
ZNF148-207	Compendium
ZNF148-205	Compendium
ZNF148-204	Compendium
ZNF148-206	Compendium
ZNF148-211	Compendium
ZNF165-202	Compendium
ZNF165-201	Compendium
ZNF208-201	Compendium
ZNF626-203	Compendium
ZNF680-201	Compendium
ZNF721-201	Compendium
ZNF721-205	Compendium
ZNF780A-203	Compendium
ZNF780A-204	Compendium
ZNF780A-201	Compendium
ZNF780A-206	Compendium
ZNF780A-212	Compendium
ZNF780A-205	Compendium
ZNF814-201	Compendium
ZNF93-201	Compendium
ZXDB-201	Compendium
