Gene	ROLE	CANCER_TYPE
ABCB1	Act	ESCA
ABI1	ambiguous	ESCA
ABL1	Act	HC, UCEC
ABL2	Act	BRCA, THCA, UCEC
ACKR3	Act	OV
ACSL3	Act	AML
ACVR1	ambiguous	HGG, UCEC
ACVR2A	LoF	COREAD, HC, PAAD, SSCC, ST, UCEC
ADGRB1		AN
AFF1	Act	CM
AFF3	ambiguous	BRCA
AJUBA	LoF	HNSC
AKT1	Act	ACY, ALL, BRCA, CESC, OS, PRAD, THCA, UCEC
AKT3	ambiguous	PRAD, SSCC
ALB	Act	HC
ALK	Act	BRCA, HC, NB, NSCLC, PRAD, SCLC
AMER1	LoF	COREAD, WT
APC	LoF	AN, BC, CH, CM, COREAD, ESCA, HC, NSCLC, PRAD, SBCC, SSCC, ST, UVM, VV
AR	Act	CH, DLBCL, MM, NSPH, PRAD
ARAF	Act	CH, CLL
ARHGAP35	LoF	LUSC, UCEC
ARHGAP5	LoF	BLCA, MM
ARHGEF10	ambiguous	ANGS, NSCLC, SCLC, SSCC
ARHGEF10L	LoF	MBL, SBCC, ST
ARHGEF12	Act	BRCA, ST
ARID1A	LoF	BLCA, BLY, BRCA, CESC, CH, CLL, COREAD, DLBCL, ESCA, GBM, HC, LGG, LUAD, LUSC, MBL, NHLY, NSCLC, OS, OV, PAAD, PIA, PRAD, RCCC, RPC, SBCC, SCLC, ST, UCEC, UCS
ARID1B	LoF	BLCA, BRCA, COREAD, DLBCL, HC, HGG, LGG, LUSC, MBL, PAAD, PIA
ARID2	LoF	BLCA, CH, CM, ESCA, HC, HNSC, LGG, LUAD, MBL, NSCLC, PAAD, PIA, SSCC, ST, THCA
ASXL1	LoF	ALL, AML, BRCA, CLL, ESCA, HGG, HNSC, MBL, PIA, PRAD, RCCC
ASXL2	LoF	AML, BLCA
ATF7IP	LoF	LUAD, UCEC
ATG7	LoF	RCCC
ATM	LoF	BLCA, BRCA, CH, CLL, COREAD, ESCA, HC, HGG, LUAD, MM, NB, NSCLC, PAAD, PAIS, PRAD, RCCC, SCLC, ST, THCA, UCEC
ATR	LoF	CM, UCEC
ATRX	LoF	ACC, CLL, GBM, HGG, LEIS, LGG, NB, OS, OV, PAIS, PIA, S
AXIN1	LoF	ESCA, GBM, HC
AXIN2	LoF	HC
B2M	LoF	CESC, DLBCL, HNSC, LY, NHLY, NSCLC
BAP1	LoF	BRCA, CESC, CH, CM, ESCA, HC, MESO, NSCLC, PAAD, RCCC, RPC, UVM
BCL10	ambiguous	DLBCL
BCL11A	Act	NHLY
BCL11B	Act	DLBCL, GBM, PAAD, VV
BCL2	Act	DLBCL, LY
BCL2L12	ambiguous	CM
BCL6	Act	DLBCL, NHLY
BCL7A	Act	DLBCL, MM
BCL9	Act	COREAD, ST
BCL9L	Act	COREAD
BCLAF1	Act	AML, CM, ST
BCOR	LoF	ACC, ALL, AML, CH, CLL, COREAD, EWS, GBM, MBL, PIA, ST, THYM, UCEC, UCS
BCORL1	LoF	COREAD, HGG, NB, OS, PAAD
BCR	Act	CLL, DLBCL, LUSC, LY, SCLC
BIRC3	Act	CLL
BIRC6	ambiguous	BLCA, CH, COREAD, DLBCL, ESCA, HC, HNSC, MGCT, NHLY, PAAD, PCPG, UCEC
BMPR1A	LoF	COREAD, ST
BMPR2	LoF	ST
BRAF	Act	BLCA, BRCA, CLL, CM, COREAD, DLBCL, GBM, HGG, LGG, LUAD, LUSC, MM, NSCLC, OV, PIA, PRAD, RPC, THCA, UCEC
BRCA1	LoF	BRCA, OV
BRCA2	LoF	BLCA, BRCA, CM, COREAD, HNSC, MBL, OV, PAAD, PRAD, VV
BRD4	Act	BLCA, PRAD
BRD7	LoF	CM, HC
BTG1	ambiguous	CLL, DLBCL, LY, MM, NHLY
BTK	Act	LUAD, NHLY
CACNA1D	ambiguous	BRCA, GBM, HC, OV, ST
CAMTA1	LoF	HC
CARD11	Act	BLY, COREAD, DLBCL, HC, LY, NHLY
CARS	ambiguous	ST
CASP8	LoF	BLCA, BRCA, CESC, HNSC, SBCC, ST, VV
CASZ1	LoF	PRAD
CBFA2T3	Act	CESC
CBFB	Act	BRCA
CBL	Act	ALL, AML
CCDC6	LoF	COREAD
CCND1	Act	MM, UCEC
CCND2	Act	AML, CLL
CCND3	Act	BLY, DLBCL, LY, NHLY
CCR7	LoF	DLBCL
CD58	LoF	DLBCL, NHLY
CD79B	Act	DLBCL, NHLY
CDC73	LoF	LUAD
CDH1	LoF	BLCA, BRCA, DLBCL, SSCC, ST
CDH10	Act	LUAD, LUSC, PAAD
CDH11	ambiguous	CH, CM, ESCA, HC, LUSC, ST
CDK12	LoF	CESC, CM, OV, PRAD, ST
CDK4	Act	CM
CDKN1A	LoF	BLCA, HC, RCH
CDKN1B	LoF	BCNET, BRCA, DLBCL, HC, MM, PRAD
CDKN2A	LoF	ACY, BLCA, BRCA, CH, CM, ESCA, GBM, HC, HNSC, LGG, LUAD, LUSC, NSCLC, OS, PAAD, RCCC, SSCC, ST, VV
CDKN2C	LoF	HGG, LGG
CDX2	Act	ESCA
CEBPA	ambiguous	AML
CHD2	LoF	BLCA, CLL, OS, RPC
CHD4	Act	ALL, BLCA, RCH, UCEC, UCS
CHEK2	LoF	THCA
CIC	LoF	LGG, LUAD
CIITA	Act	DLBCL, HNSC
CLIP1	LoF	BC, CESC, LUAD, ST
CLTC	Act	BRCA, CH, HC
CLTCL1	Act	HC
CMTR2	LoF	LUAD, NSCLC
CNOT3	Act	CLL, PRAD
CNOT9		CM
COL1A1	Act	CESC, CM, GBM, MM, SBCC
CPEB3	Act	SBCC
CR1	ambiguous	AML, MM
CREBBP	LoF	ALL, BLCA, BRCA, CLL, DLBCL, ESCA, HC, HNSC, LUSC, LY, MBL, NHLY, PAIS, PIA, SBCC, SCLC, SG, VV
CRNKL1	Act	CM
CRTC1	ambiguous	ACY
CSF3R	Act	AML
CTCF	LoF	ALL, AML, BRCA, HNSC, NSCLC, UCEC
CTNNB1	Act	ACC, COREAD, HBC, HC, LUAD, MBL, NSCLC, PIA, PRAD, RHBDS, SBCC, ST, UCEC, WT
CUL3	LoF	HNSC, LUSC, NSCLC, PRAD, RPC
CUX1	ambiguous	BRCA, CM, GBM, LUAD, NSCLC, THCA, UCEC
CXCR4	Act	DLBCL
CYLD	LoF	HNSC, MM, NSPH, THYM
CYP2C8	LoF	CM, MESO
CYSLTR2	Act	UVM
DAXX	LoF	ACC, PAIS
DAZAP1	LoF	DLBCL
DCAF12L2	Act	GBM, PRAD
DCC	LoF	ESCA, PAAD
DCSTAMP	Act	ST
DDB2	LoF	AML
DDX3X	LoF	BLY, BRCA, CLL, CM, DLBCL, HNSC, LY, MBL, MESO, NHLY, PIA
DDX6	ambiguous	MBL
DGCR8	LoF	DLBCL, THCA, WT
DHX9	Act	HC
DICER1	LoF	COREAD, UCEC
DIS3	LoF	MM
DNAJB1	LoF	BLCA
DNMT3A	LoF	AML, HC, LGG, MDPS, PRAD, RPC, THCA
DOT1L	LoF	DLBCL
DROSHA	LoF	LUSC, WT
DTX1	ambiguous	CLL
DUSP16	LoF	COREAD
EBF1	ambiguous	DLBCL, LUSC, NHLY
EFTUD2	ambiguous	MM
EGFR	Act	BRCA, COREAD, GBM, HGG, LGG, LUAD, MM, NSCLC, PIA
EGR2	ambiguous	CLL
EHD2	ambiguous	PRAD
EIF1AX	LoF	PRAD, THCA, THYM, UCEC, UVM
EIF3E	Act	CESC, COREAD
ELF3	LoF	BLCA, CH
ELF4	Act	AML
ELL	ambiguous	CM, HNSC, OV
ELN	ambiguous	BRCA
EML4	ambiguous	ESCA, SCLC
ENPEP	ambiguous	BC
EP300	LoF	BLCA, CESC, COREAD, DLBCL, ESCA, HC, HNSC, LUSC, MBL, NHLY, NSPH, SCLC
EPAS1	Act	BRCA, PCPG, SSCC
EPHA2	LoF	CH
EPHA3	ambiguous	BRCA, CM, COREAD, ESCA, PRAD
EPHA7	ambiguous	LUAD, OV, THCA
EPS15	Act	PRAD
ERBB2	Act	BLCA, BRCA, CESC, CH, COREAD, ESCA, NSCLC, OV, RPC, ST
ERBB3	Act	BLCA, BRCA, CESC, CH, COREAD, NB, PRAD, ST, UCEC, UCS
ERBB4	LoF	BLCA, BRCA, ESCA
ERCC2	LoF	BLCA
ERCC3	LoF	CM
ERG	Act	OV, PRAD
ESR1	Act	BRCA, LUSC, OS, SBCC, UCEC
ESRRA	Act	ACY
ETV4	LoF	NB
ETV5	Act	AML, BRCA
ETV6	Act	ALL, DLBCL, NHLY
EWSR1	Act	EWS
EXT2	LoF	CH
EZH2	LoF	ALL, AML, DLBCL, EWS, LUAD, LY, NHLY
FAM135B	Act	ESCA, HNSC, LUSC, PAAD, UCS
FAM174B	ambiguous	MBL, PIA, PRAD
FAM186A	ambiguous	DLBCL, THCA
FAM46C	LoF	MM
FANCA	LoF	VV
FANCC	LoF	GBM
FANCD2	LoF	CM, COREAD
FANCF	LoF	BLCA
FAS	LoF	CESC, DLBCL
FAT1	LoF	AN, BCNET, BLCA, BRCA, CESC, CLL, ESCA, HC, HNSC, LUSC, MBL, OV, PAAD, PRAD, SBCC, SSCC, ST, UCEC, UVM, VV
FAT2	Act	VV
FAT3	ambiguous	BCNET, BRCA, CLL, CM, COREAD, DLBCL, ESCA, HNSC, LUSC, PAAD, PRAD, SBCC, ST, THCA
FAT4	LoF	ACC, ALL, AML, BRCA, CLL, CM, COREAD, DLBCL, ESCA, GBM, HC, HNSC, LUAD, LY, MESO, MGCT, MM, NSCLC, PAAD, PAIS, PRAD, SBCC, SCLC, ST
FBLN1	Act	BC
FBN2	ambiguous	HNSC, NB
FBXO11	LoF	BLY, NHLY
FBXW7	LoF	BLCA, BRCA, CESC, CH, CLL, COREAD, ESCA, HNSC, LUSC, MBL, NSPH, PAAD, PIA, ST, UCEC, UCS
FGD5	Act	AML
FGFR1	Act	BLCA, MBL, OV, PCPG, PIA, PRAD
FGFR2	Act	BRCA, CH, LUSC, SG, UCEC
FGFR3	Act	BLCA, HNSC, LUSC, MESO, MM
FGFR4	Act	GBM
FH	LoF	NSCLC
FHIT	ambiguous	DLBCL, ST
FLCN	LoF	COREAD
FLT3	Act	ALL, AML
FLT4	ambiguous	ANGS, BLCA, HC, LUAD, LUSC, NB, SBCC
FN1	LoF	LUSC
FOXA1	LoF	BRCA, PRAD
FOXA2	LoF	UCEC
FOXD4L1	LoF	MM
FOXL2	Act	OV
FOXO1	Act	BLY, NHLY
FOXO3	ambiguous	MBL
FOXP1	Act	AN, PRAD
FUBP1	LoF	CLL, LGG
GATA1	Act	BRCA
GATA2	Act	AML
GATA3	LoF	ALL, BRCA
GLI1	Act	LEIS
GMPS	LoF	HC
GNA11	Act	CM, UVM
GNA13	LoF	BLCA, DLBCL
GNAI2	ambiguous	NHLY
GNAQ	Act	CM, UVM
GNAS	Act	ACC, BCNET, BRCA, CH, COREAD, ESCA, HC, MBL, PAAD
GRIN2A	Act	BLCA, BRCA, COREAD, ST
GTF2I	Act	AN, THYM
H3F3A	Act	HGG, PIA
HERC2	ambiguous	THCA
HGF	Act	BC
HIP1	Act	MBL, UCS
HIST1H3B	Act	BLCA, BRCA, ESCA
HIST1H4I	Act	CLL
HLA-A	ambiguous	AML, BLCA, CESC, CM, DLBCL, HNSC, LUSC, NSPH, PIA
HLA-B	ambiguous	CESC, DLBCL, ESCA, HNSC, LY
HNF1A	LoF	HC
HNRNPA2B1	Act	HC
HOXA11	ambiguous	UCEC
HOXC13	Act	BRCA
HOXD13	LoF	BRCA, ESCA
HRAS	Act	BLCA, BRCA, CM, COREAD, HNSC, LUSC, PCPG, PRAD, SSCC, THCA, THYM, VV
HSP90AA1	Act	BRCA, THCA
HSP90AB1	Act	CM
HSPG2	ambiguous	BLCA, COREAD, OS
HTRA2	LoF	BC
ID3	LoF	DLBCL
IDH1	Act	AML, CH, CM, GBM, HC, HGG, LGG, MBL, MM, NSCLC, OS, PIA, PRAD
IDH2	Act	AML, BLCA, CH, LGG, OS
IFNAR1	LoF	MM
IFNGR1	LoF	CESC
IKBKB	ambiguous	MM
IKZF1	ambiguous	ALL, AML, AN, CM
IKZF3	ambiguous	CLL
IL6ST	Act	HC
IL7R	Act	ALL, ESCA, HC
ING1	LoF	UCEC
INO80	ambiguous	DLBCL
IRAK1	LoF	MM
IRF1	LoF	MM
IRF4	ambiguous	CLL, DLBCL, MM, NHLY
IRS4	LoF	BLCA, PAAD
JAK1	ambiguous	OV, PRAD, UCEC
JAK2	ambiguous	ALL, AML, BRCA
JAK3	Act	ALL
KAT6A	ambiguous	ESCA, PRAD, RPC
KAT6B	Act	BRCA, MBL, PRAD
KDM3B	ambiguous	MBL, PIA
KDM5A	Act	CM
KDM5C	LoF	HNSC, MM, RCCC
KDM6A	LoF	ALL, BLCA, BRCA, CH, ESCA, HNSC, LUSC, MBL, PAAD, PIA, PRAD, RPC, SCLC, SSCC, ST
KDR	Act	ANGS, CLL, DLBCL, LUAD, PAIS, SBCC, SSCC
KEAP1	Act	CH, HC, LUAD, LUSC, NSCLC, RCCC
KEL	Act	LGG
KIF5B	Act	HNSC
KIFC1	Act	UCEC
KIT	Act	AML, CM, LGG, MGCT, OS, ST
KLF4	Act	ALL, BRCA, NSCLC
KLF5	ambiguous	BLCA, CESC, LUSC
KLHL36	ambiguous	MM
KLHL6	LoF	NHLY
KMT2A	LoF	ACC, BCNET, BLCA, CM, ESCA, HC, OV, PRAD, SBCC, THCA
KMT2B	LoF	OS, VV
KMT2C	LoF	ACY, AML, AN, BLCA, BRCA, CESC, CH, CM, COREAD, ESCA, EWS, HC, HNSC, LUAD, LUSC, MBL, NSPH, OV, PAAD, PAIS, PCPG, PIA, PRAD, RCCC, RPC, SCLC, SG, SSCC, ST, THCA, UCEC, VV
KMT2D	LoF	ACY, ALL, AN, BLCA, BRCA, CESC, CH, CLL, DLBCL, ESCA, GBM, HC, HGG, HNSC, LUSC, LY, MBL, MESO, NB, NHLY, NSCLC, OV, PAAD, PIA, PRAD, RCH, SBCC, SCLC, SSCC, ST, UCEC
KRAS	Act	ALL, AML, AN, BC, BCNET, BLCA, BRCA, CESC, CH, CLL, CM, COREAD, DLBCL, ESCA, HC, LUAD, MGCT, MM, NSCLC, OV, PAAD, PAIS, PIA, PRAD, RPC, ST, THCA, UCEC, UCS
LATS1	LoF	CESC, COREAD, OV, PAAD, SBCC
LATS2	LoF	LUSC, MESO, VV
LDB1	Act	MBL, PIA
LIFR	Act	SCLC
LOX	LoF	BC
LPAR4	LoF	HNSC
LPP	Act	HNSC, UCS
LRIG3	ambiguous	BLCA, DLBCL, LUAD
LRP1B	LoF	AML, AN, BRCA, CH, CLL, CM, COREAD, ESCA, GBM, HC, HNSC, LUAD, LUSC, MBL, MGCT, MM, NB, NSCLC, OS, OV, PAAD, PRAD, RCCC, RHBDS, SBCC, SCLC, ST, THCA, UCS, UVM
LTB	Act	LY
LY75-CD302	Act	AML
LZTR1	LoF	ALL, GBM, PAAD, PRAD, UCEC
MAF	LoF	MM
MALT1	LoF	DLBCL
MAML2	LoF	AML, LUSC
MAP2	ambiguous	LY
MAP2K1	Act	BLCA, CM, COREAD, DLBCL, LUAD, NSCLC
MAP2K4	LoF	BRCA, CH, COREAD, PAAD
MAP2K7	LoF	ST
MAP3K1	LoF	BRCA, CESC, COREAD, GBM, HC, THCA, UCEC
MAPK1	Act	CESC, CLL, HC, HNSC
MARK2	ambiguous	PAAD
MAX	Act	BRCA, LGG, MBL, MM, PIA, RCCC, UCEC
MB21D2	LoF	HNSC, LUAD, LUSC
MCM3AP	ambiguous	HNSC
MDM2	Act	LEIS
MDM4	Act	BRCA
MECOM	Act	BLCA, CM, DLBCL, PRAD, SBCC, UCEC
MED12	Act	CESC, CLL, GBM, LGG, NB, OS, PRAD
MEF2B	LoF	DLBCL, NHLY
MEN1	LoF	ACC, BRCA, HC, LNET, PAIS
MET	Act	LGG, RCCC, RPC
MGA	LoF	CLL, LUAD
MLLT1	Act	WT
MLLT3	Act	CM
MSI2	ambiguous	NB
MSN	ambiguous	ESCA, SBCC
MTCP1	Act	COREAD
MTOR	Act	AML, ANGS, BRCA, COREAD, HC, LGG, OS, PAIS, RCCC, RCH, UCEC
MYC	Act	AML, BLY, LY, NHLY
MYCN	Act	GBM, MBL, NB, PIA, SBCC, UCEC
MYD88	Act	CLL, DLBCL, NHLY
MYH11	Act	AML, BRCA, LGG, NSPH, PRAD, SBCC
MYH9	Act	BRCA, COREAD, ESCA, HNSC, OV, SBCC, ST
MYO5A	ambiguous	BRCA, NB
NBEA	ambiguous	BC, CM, COREAD, DLBCL, ESCA, HC, PAAD
NCOA1	ambiguous	BRCA
NCOA2	Act	LUAD, LUSC
NCOR1	LoF	BLCA, BRCA, CH, DLBCL, HNSC, MBL, MESO, PRAD, SCLC
NCOR2	Act	BRCA, COREAD, ESCA, HC, PRAD
NEFH	ambiguous	THCA
NF1	LoF	ACC, ALL, AML, BLCA, BRCA, CH, CM, COREAD, GBM, HC, HNSC, LGG, LUAD, LUSC, NB, NSCLC, OV, PCPG, PIA, RCCC, RHBDS, S, THCA
NF2	LoF	CESC, HC, HNSC, MESO, OV, PAAD, RCCC, RPC, SSCC
NFATC2	ambiguous	OS, PAAD
NFE2L2	Act	BLCA, CESC, ESCA, HC, HNSC, LUSC, RPC, UCEC
NFKB2	ambiguous	DLBCL, MM
NFKBIA	LoF	DLBCL, MM
NFKBIE	ambiguous	CLL, CM, DLBCL, NHLY
NIN	LoF	BRCA, COREAD, MESO, ST
NIPBL	LoF	ESCA, LGG
NKTR	Act	AML
NKX2-1	ambiguous	LGG
NONO	LoF	BRCA, CM
NOTCH1	ambiguous	ALL, CESC, CLL, DLBCL, ESCA, HNSC, LGG, LUSC, MBL, MGCT, NSCLC, OV, SBCC, SCLC, SG, SSCC, UCEC, VV
NOTCH2	ambiguous	ACY, BLCA, BRCA, DLBCL, ESCA, HNSC, NHLY, PRAD, SBCC, SSCC
NPEPPS	LoF	AML, LUSC
NPM1	ambiguous	AML
NPRL2	LoF	PAIS
NRAS	Act	ALL, AML, ANGS, CH, CLL, CM, COREAD, GBM, HC, LGG, LUAD, LUSC, MGCT, MM, NSPH, OV, PAAD, PRAD, THCA, THYM, UCEC
NRG1	Act	ST
NRK	Act	LUSC
NRP1	LoF	AML
NSD1	Act	CESC, ESCA, HNSC, LUSC, ST, UCEC, UCS
NSD2		ALL
NT5C3A	LoF	AML
NTRK1	Act	BRCA
NTRK3	Act	ESCA, ST
NUMA1	Act	BRCA
NUP214	Act	BCNET, MM, RPC
NXF1	Act	CLL
P2RY8	Act	BLY, DLBCL, NHLY
PABPC1	ambiguous	DLBCL, LUSC, MM, THCA
PAK2	Act	THCA
PARP4	ambiguous	COREAD, MM
PBRM1	LoF	CESC, CH, CM, ESCA, LUAD, RCCC, RPC, UCEC
PCBP1	Act	COREAD, PAAD
PCDH17	LoF	CH
PCMTD1	LoF	AML
PDCD1LG2	Act	CM
PDE4DIP	Act	THCA
PDGFRA	Act	GBM, HGG, LGG, LUSC, PIA
PDGFRB	Act	BRCA, UCS
PDPR	ambiguous	THCA
PEG3	Act	PAAD
PHF6	LoF	ALL, AML
PIK3CA	Act	ACY, AN, ANGS, BLCA, BRCA, CESC, CH, CM, COREAD, EPD, ESCA, GBM, HC, HGG, HNSC, LEIS, LGG, LUAD, LUSC, MBL, MESO, MGCT, NSCLC, OS, OV, PAAD, PIA, PRAD, RCCC, RPC, S, SBCC, ST, UCEC, UCS, VV
PIK3CB	Act	BLCA, GBM, PRAD
PIK3R1	LoF	ACY, BRCA, CH, GBM, HNSC, LGG, OS, ST, UCEC, UCS
PIM1	LoF	DLBCL, LY, MM, NHLY
PLAG1	Act	BRCA
PLCB4	Act	UVM
PLCG1	Act	ANGS, BC, LGG
PML	LoF	VV
PMS2	LoF	PRAD
POLD1	Act	BRCA
POLE	ambiguous	CESC, SBCC, UCEC
POLQ	ambiguous	CESC, CM, LUSC, SSCC, UCEC
POT1	ambiguous	CLL, CM, HC, LGG, UCEC
POU2F2	ambiguous	DLBCL, NHLY
PPM1D	LoF	HGG, PIA, SBCC
PPP2R1A	Act	ACY, COREAD, OV, THCA, UCEC, UCS, UVM
PPP3CA	LoF	ST
PPP6C	LoF	CM, SBCC
PPT2	Act	BLCA
PRDM1	LoF	DLBCL, MM, NHLY, PRAD
PRDM2	ambiguous	AN, HC, RPC
PREX2	Act	BLCA, BRCA, CM, DLBCL, ESCA, PRAD
PRF1	LoF	NSCLC, ST
PRKAR1A	LoF	ACC, MBL, PIA
PRKCB	Act	CM, DLBCL, HNSC, LUSC, ST
PRKCD	LoF	DLBCL, NHLY
PRKD2	ambiguous	MM
PRR14	LoF	THCA
PRRX1	Act	ST
PSIP1	Act	BLCA
PTCH1	LoF	ESCA, MBL, MESO, OS, PIA, SBCC
PTEN	LoF	BLCA, BRCA, CESC, CH, CM, COREAD, ESCA, GBM, HC, HGG, HNSC, LGG, LUSC, MBL, NSCLC, OS, OV, PAIS, PIA, PRAD, RCCC, RCH, RPC, S, ST, THCA, UCEC, UCS
PTMA	LoF	MGCT
PTPN11	Act	ALL, AML, CLL, COREAD, GBM, LGG, MM, NB, PIA
PTPN13	LoF	BRCA
PTPN14	LoF	SBCC
PTPN6	LoF	CM, DLBCL
PTPRB	ambiguous	ANGS, CM, OV
PTPRC	Act	AN, CM, COREAD
PTPRD	Act	BCNET, BRCA, CM, DLBCL, ESCA, NSCLC, PRAD, VV
PTPRK	LoF	NSCLC, SCLC
PTPRT	LoF	ESCA, HNSC, OV
QKI	LoF	CM
RABEP1	LoF	SSCC
RAC1	Act	CM, HNSC
RAD21	LoF	AML, LUSC
RAF1	Act	BLCA, CM
RALGDS	Act	SSCC
RANBP2	LoF	HC, NB, NSPH, PCPG, PRAD, RCCC
RAP1GDS1	Act	ESCA, RCCC
RARA	Act	BC
RASA1	LoF	HNSC, LUSC
RASA2	LoF	DLBCL
RB1	LoF	ACC, BLCA, BRCA, CESC, CM, ESCA, GBM, HC, HNSC, LEIS, LUAD, LUSC, MM, NSCLC, OS, OV, PIA, PRAD, RB, S, SCLC, ST, UCEC, UCS
RBFOX1	Act	PRAD
RBFOX2	Act	THCA
RBM10	LoF	BLCA, CH, COREAD, LUAD, NSCLC, PAAD
RBM15	LoF	HNSC
RBM38	ambiguous	DLBCL
RBM39	Act	UCEC
RECQL4	LoF	ST
RELA	Act	ST
RET	Act	CM, LUAD, PCPG, S, THCA
RGL3	Act	AML
RGPD3	ambiguous	CM, THCA
RGS7	LoF	BRCA, LUAD
RHOA	Act	BLCA, BLY, DLBCL, HNSC, LY, NHLY, PRAD, ST
RHPN2	ambiguous	BRCA, LUSC, THCA
RIPK1	ambiguous	CLL
RNF213	Act	BLCA, ESCA, LUSC, MBL, PRAD, SBCC, UCEC
RNF43	LoF	ALL, CH, COREAD, ESCA, PAAD, PRAD, ST, UCEC
RNF6	LoF	COREAD
RPL10	LoF	MM, NHLY
RPL22	Act	HC
RPS3A	ambiguous	MM
RPS6KA3	LoF	HC
RRAGC	Act	NHLY
RRAS2	Act	UCEC
RSPH10B2	ambiguous	LGG
RUNX1	ambiguous	ACY, ALL, AML, BRCA
RUNX1T1	ambiguous	HC, LGG, PRAD, SBCC, SCLC
RXRA	LoF	BLCA
SALL4	Act	BRCA, CLL, LUSC
SATB1	Act	BC
SDC4	LoF	ST
SEPT9	Act	MM
SET	Act	SCLC
SETBP1	Act	ACC, PCPG, RCCC, THCA
SETD1B	LoF	ESCA, OV, PAAD
SETD2	LoF	ALL, BLCA, CLL, CM, EWS, HC, LGG, LUAD, MESO, MM, NSCLC, OS, PAAD, PAIS, PIA, PRAD, RCCC, RPC
SETDB1	Act	CLL, HC, MESO
SF3B1	Act	AML, BLCA, BRCA, CH, CLL, CM, LNET, MBL, PAAD, PRAD, RCCC, THYM, UVM
SFMBT2	Act	MBL
SGK1	ambiguous	DLBCL, LY, NHLY
SH2B3	ambiguous	MDPS
SIN3A	Act	NHLY
SIRPA	LoF	AML, CESC, COREAD, HGG, MBL
SIX1	LoF	WT
SLC45A3	LoF	CM
SMAD2	LoF	BRCA, COREAD
SMAD3	LoF	COREAD, PAAD
SMAD4	LoF	BRCA, CESC, CH, COREAD, ESCA, HNSC, PAAD, PRAD, ST
SMARCA1	LoF	PRAD
SMARCA4	LoF	BLCA, BLY, COREAD, ESCA, HC, HNSC, LGG, LUAD, MBL, NHLY, NSCLC, PAAD, PIA, RPC, THYM
SMARCB1	LoF	ATRT, MBL, NB, PAIS
SMARCD1	ambiguous	BRCA
SMC1A	Act	AML
SMO	Act	GBM, MBL, MESO, PIA, SBCC
SOCS1	LoF	DLBCL, LY, NHLY
SOHLH2	Act	ST
SOS1	Act	UCEC
SOX17	Act	UCEC
SOX21	LoF	PRAD
SOX9	LoF	COREAD
SP140	ambiguous	MM
SPEN	ambiguous	BRCA, CESC, CLL, DLBCL, NSPH, PAAD, PRAD, RCCC, SG
SPOP	Act	NHLY, PRAD, UCEC, UCS
SRGAP3	Act	CM, MESO
SRSF2	Act	AML, CESC
STAG2	LoF	AML, BLCA, EWS, GBM, LUSC, MBL, PIA, RCCC, RPC, SBCC, THCA
STAT3	ambiguous	DLBCL, NHLY
STAT5B	ambiguous	OV
STAT6	Act	DLBCL, NHLY
STIL	ambiguous	CESC
STK11	LoF	CESC, CH, LUAD, NSCLC
STRN	ambiguous	PRAD
SUSD2	Act	LUSC
SUZ12	Act	AML, PRAD
TAF15	ambiguous	BLCA
TBL1XR1	LoF	ALL, DLBCL
TBX3	LoF	BRCA, COREAD, DLBCL, ESCA
TCF4	Act	MBL, PIA
TCF7L2	Act	COREAD, UCEC
TCIRG1	LoF	CM
TEC	LoF	UCEC
TET1	ambiguous	GBM, HC, RPC, SBCC, ST
TET2	LoF	AML, LY, MDPS, NHLY, OS, S
TFAP4	LoF	BLY, NHLY
TFG	LoF	HC
TGFBR2	LoF	CESC, CH, COREAD, ESCA, HNSC, PAAD
TGIF1	LoF	COREAD
TLL1	Act	ESCA
TNC	ambiguous	ACC, AML, LUSC, NB
TNFAIP3	LoF	DLBCL, LY
TNFRSF14	LoF	DLBCL, LY, NHLY
TOP1	LoF	SBCC
TOP2A	Act	ST
TP53	LoF	ACC, ALL, AML, AN, ANGS, BC, BLCA, BLY, BRCA, CESC, CH, CLL, CM, COREAD, DLBCL, ESCA, EWS, GBM, HC, HGG, HNSC, LEIS, LGG, LUAD, LUSC, LY, MBL, MESO, MM, NHLY, NSCLC, NSPH, OS, OV, PAAD, PAIS, PIA, PRAD, RCCC, RCH, RPC, S, SBCC, SCLC, SSCC, ST, THCA, THYM, UCEC, UCS, VV, WT
TP63	ambiguous	BLCA, HNSC, NB, UCEC
TRAF3	LoF	MM
TRIM24	Act	PRAD
TRIM33	ambiguous	MBL
TRIM49C	Act	ST
TRIP11	Act	BLCA
TRRAP	ambiguous	ACY, BLCA, CH, CM, ESCA, HNSC, LEIS, MM
TSC1	LoF	BLCA, HC
TSC2	LoF	ACY, BLCA, HC, PAIS, RCH, SSCC
U2AF1	Act	AML, LUAD, NSCLC, PAAD, PRAD, UCEC, UCS
U2AF2	Act	AML
UBE2A	LoF	DLBCL
UBE2D2	Act	MBL
UBR5	ambiguous	CM, DLBCL, MM, RCH
UGT2B17	Act	OV
USP44	LoF	SBCC, UCEC
USP6	Act	AML, BRCA, COREAD, LUSC, PRAD, THCA
USP8	ambiguous	HC, LUSC, MM
USP9X	LoF	HNSC
VAV1	Act	PAAD
VHL	LoF	RCCC, THYM
WAS	LoF	MBL
WDR45	LoF	BLCA
WNK2	ambiguous	COREAD, HC, THCA
WNK4	ambiguous	MBL
WRN	LoF	NSPH
WT1	LoF	ESCA, PAAD
XPC	LoF	HC
XPO1	Act	CLL, DLBCL, NHLY, PRAD
ZBTB16	ambiguous	BRCA, ESCA, PRAD
ZBTB20	Act	LGG
ZBTB7B	Act	UCS
ZCRB1	LoF	AML
ZEB1	LoF	MM, NSPH
ZFHX3	LoF	BLCA, BRCA, DLBCL, MM, PAAD, PRAD, THYM, UCEC, VV
ZFP36L1	LoF	BLCA
ZFX	LoF	CM
ZNF148	Act	ESCA
ZNF165	LoF	MBL
ZNF208	ambiguous	ESCA
ZNF429	LoF	BLCA, PRAD
ZNF521	Act	ESCA, HC, LUSC, NSPH, PAAD
ZNF626	ambiguous	NSPH
ZNF680	ambiguous	NSPH
ZNF721	ambiguous	NSPH
ZNF780A	Act	NSPH
ZNF814	Act	VV
ZNF93	LoF	NSPH
ZNRF3	LoF	ACC
ZRSR2	LoF	AML
ZXDB	LoF	BRCA
